snapshot_date,product_id,store_id,stock_on_hand,reorder_point,lead_time_days
2024-12-01,P0001,S001,47,97,10
2024-12-01,P0001,S003,13,63,13
2024-12-01,P0001,S005,461,97,10
2024-12-01,P0001,S007,307,33,8
2024-12-01,P0001,S009,378,64,11
2024-12-01,P0001,S011,33,93,14
2024-12-01,P0001,S013,28,35,8
2024-12-01,P0001,S015,108,54,13
2024-12-01,P0001,S017,44,84,7
2024-12-01,P0004,S001,481,73,4
2024-12-01,P0004,S003,84,23,13
2024-12-01,P0004,S005,361,99,13
2024-12-01,P0004,S007,474,25,3
2024-12-01,P0004,S009,373,62,6
2024-12-01,P0004,S011,96,79,4
2024-12-01,P0004,S013,330,20,12
2024-12-01,P0004,S015,411,33,6
2024-12-01,P0004,S017,32,25,13
2024-12-01,P0007,S001,249,89,13
2024-12-01,P0007,S003,101,72,7
2024-12-01,P0007,S005,364,63,9
2024-12-01,P0007,S007,42,62,9
2024-12-01,P0007,S009,183,70,13
2024-12-01,P0007,S011,55,33,8
2024-12-01,P0007,S013,465,43,13
2024-12-01,P0007,S015,304,65,9
2024-12-01,P0007,S017,384,80,13
2024-12-01,P0010,S001,119,81,9
2024-12-01,P0010,S003,320,68,8
2024-12-01,P0010,S005,341,31,4
2024-12-01,P0010,S007,442,46,11
2024-12-01,P0010,S009,311,51,14
2024-12-01,P0010,S011,250,92,12
2024-12-01,P0010,S013,351,92,8
2024-12-01,P0010,S015,192,38,6
2024-12-01,P0010,S017,382,67,13
2024-12-01,P0013,S001,435,22,3
2024-12-01,P0013,S003,465,26,10
2024-12-01,P0013,S005,396,86,4
2024-12-01,P0013,S007,13,29,12
2024-12-01,P0013,S009,139,86,6
2024-12-01,P0013,S011,60,35,9
2024-12-01,P0013,S013,443,30,9
2024-12-01,P0013,S015,94,38,9
2024-12-01,P0013,S017,99,93,5
2024-12-01,P0016,S001,209,74,7
2024-12-01,P0016,S003,393,68,14
2024-12-01,P0016,S005,100,62,9
2024-12-01,P0016,S007,198,89,7
2024-12-01,P0016,S009,98,89,8
2024-12-01,P0016,S011,308,44,11
2024-12-01,P0016,S013,346,90,13
2024-12-01,P0016,S015,252,64,11
2024-12-01,P0016,S017,400,100,11
2024-12-01,P0019,S001,122,38,13
2024-12-01,P0019,S003,444,100,12
2024-12-01,P0019,S005,21,74,12
2024-12-01,P0019,S007,489,90,6
2024-12-01,P0019,S009,358,24,4
2024-12-01,P0019,S011,110,64,9
2024-12-01,P0019,S013,249,81,8
2024-12-01,P0019,S015,78,96,12
2024-12-01,P0019,S017,109,47,4
2024-12-01,P0022,S001,458,46,12
2024-12-01,P0022,S003,89,81,3
2024-12-01,P0022,S005,345,56,11
2024-12-01,P0022,S007,348,66,10
2024-12-01,P0022,S009,258,58,6
2024-12-01,P0022,S011,182,32,4
2024-12-01,P0022,S013,259,94,6
2024-12-01,P0022,S015,55,74,6
2024-12-01,P0022,S017,468,95,4
2024-12-01,P0025,S001,196,77,3
2024-12-01,P0025,S003,328,51,3
2024-12-01,P0025,S005,397,83,6
2024-12-01,P0025,S007,328,85,14
2024-12-01,P0025,S009,454,25,3
2024-12-01,P0025,S011,412,57,12
2024-12-01,P0025,S013,172,100,7
2024-12-01,P0025,S015,228,24,6
2024-12-01,P0025,S017,354,75,11
2024-12-01,P0028,S001,417,70,5
2024-12-01,P0028,S003,28,60,14
2024-12-01,P0028,S005,11,51,3
2024-12-01,P0028,S007,341,71,10
2024-12-01,P0028,S009,109,100,5
2024-12-01,P0028,S011,175,83,6
2024-12-01,P0028,S013,351,26,4
2024-12-01,P0028,S015,495,44,5
2024-12-01,P0028,S017,172,31,6
2024-12-01,P0031,S001,401,61,7
2024-12-01,P0031,S003,264,62,10
2024-12-01,P0031,S005,466,23,10
2024-12-01,P0031,S007,11,52,12
2024-12-01,P0031,S009,365,34,7
2024-12-01,P0031,S011,60,82,5
2024-12-01,P0031,S013,144,54,9
2024-12-01,P0031,S015,278,36,14
2024-12-01,P0031,S017,279,74,10
2024-12-01,P0034,S001,48,88,4
2024-12-01,P0034,S003,33,59,10
2024-12-01,P0034,S005,328,75,13
2024-12-01,P0034,S007,395,26,5
2024-12-01,P0034,S009,413,55,7
2024-12-01,P0034,S011,169,72,6
2024-12-01,P0034,S013,176,86,7
2024-12-01,P0034,S015,42,47,4
2024-12-01,P0034,S017,445,81,3
2024-12-01,P0037,S001,305,57,10
2024-12-01,P0037,S003,224,48,11
2024-12-01,P0037,S005,166,80,10
2024-12-01,P0037,S007,174,82,7
2024-12-01,P0037,S009,454,89,8
2024-12-01,P0037,S011,451,23,6
2024-12-01,P0037,S013,439,99,14
2024-12-01,P0037,S015,51,47,13
2024-12-01,P0037,S017,333,94,7
2024-12-01,P0040,S001,130,91,11
2024-12-01,P0040,S003,172,43,6
2024-12-01,P0040,S005,342,24,9
2024-12-01,P0040,S007,158,77,10
2024-12-01,P0040,S009,138,81,10
2024-12-01,P0040,S011,202,79,7
2024-12-01,P0040,S013,113,53,12
2024-12-01,P0040,S015,126,61,3
2024-12-01,P0040,S017,294,57,14
2024-12-01,P0043,S001,486,56,12
2024-12-01,P0043,S003,98,26,12
2024-12-01,P0043,S005,329,48,13
2024-12-01,P0043,S007,329,100,13
2024-12-01,P0043,S009,256,46,8
2024-12-01,P0043,S011,99,28,10
2024-12-01,P0043,S013,157,46,5
2024-12-01,P0043,S015,141,77,8
2024-12-01,P0043,S017,228,82,5
2024-12-01,P0046,S001,297,34,13
2024-12-01,P0046,S003,70,92,11
2024-12-01,P0046,S005,205,48,4
2024-12-01,P0046,S007,272,44,6
2024-12-01,P0046,S009,358,21,14
2024-12-01,P0046,S011,129,88,9
2024-12-01,P0046,S013,453,55,5
2024-12-01,P0046,S015,134,62,11
2024-12-01,P0046,S017,314,70,9
2024-12-01,P0049,S001,194,52,10
2024-12-01,P0049,S003,463,77,12
2024-12-01,P0049,S005,321,87,11
2024-12-01,P0049,S007,94,87,9
2024-12-01,P0049,S009,302,100,3
2024-12-01,P0049,S011,472,76,9
2024-12-01,P0049,S013,410,25,13
2024-12-01,P0049,S015,304,66,8
2024-12-01,P0049,S017,186,44,9
2024-11-30,P0001,S001,300,51,14
2024-11-30,P0001,S003,32,23,6
2024-11-30,P0001,S005,20,98,4
2024-11-30,P0001,S007,432,69,11
2024-11-30,P0001,S009,359,46,14
2024-11-30,P0001,S011,99,76,10
2024-11-30,P0001,S013,383,27,4
2024-11-30,P0001,S015,17,34,8
2024-11-30,P0001,S017,334,27,3
2024-11-30,P0004,S001,457,88,7
2024-11-30,P0004,S003,430,56,10
2024-11-30,P0004,S005,458,100,4
2024-11-30,P0004,S007,308,39,7
2024-11-30,P0004,S009,383,69,5
2024-11-30,P0004,S011,249,25,8
2024-11-30,P0004,S013,243,90,14
2024-11-30,P0004,S015,32,78,11
2024-11-30,P0004,S017,319,57,6
2024-11-30,P0007,S001,443,46,12
2024-11-30,P0007,S003,162,44,14
2024-11-30,P0007,S005,243,95,12
2024-11-30,P0007,S007,458,27,4
2024-11-30,P0007,S009,437,53,11
2024-11-30,P0007,S011,133,21,10
2024-11-30,P0007,S013,238,61,4
2024-11-30,P0007,S015,390,81,3
2024-11-30,P0007,S017,148,99,10
2024-11-30,P0010,S001,90,62,12
2024-11-30,P0010,S003,336,94,13
2024-11-30,P0010,S005,277,87,14
2024-11-30,P0010,S007,117,65,5
2024-11-30,P0010,S009,219,38,9
2024-11-30,P0010,S011,406,66,4
2024-11-30,P0010,S013,103,75,9
2024-11-30,P0010,S015,337,52,4
2024-11-30,P0010,S017,428,56,5
2024-11-30,P0013,S001,492,69,3
2024-11-30,P0013,S003,321,59,3
2024-11-30,P0013,S005,377,42,9
2024-11-30,P0013,S007,234,79,8
2024-11-30,P0013,S009,130,78,3
2024-11-30,P0013,S011,29,91,7
2024-11-30,P0013,S013,161,72,4
2024-11-30,P0013,S015,385,54,6
2024-11-30,P0013,S017,375,38,4
2024-11-30,P0016,S001,471,52,8
2024-11-30,P0016,S003,262,66,5
2024-11-30,P0016,S005,133,65,7
2024-11-30,P0016,S007,104,52,4
2024-11-30,P0016,S009,175,89,11
2024-11-30,P0016,S011,367,48,4
2024-11-30,P0016,S013,288,86,7
2024-11-30,P0016,S015,479,62,8
2024-11-30,P0016,S017,245,63,11
2024-11-30,P0019,S001,226,32,9
2024-11-30,P0019,S003,278,83,3
2024-11-30,P0019,S005,22,98,13
2024-11-30,P0019,S007,243,95,7
2024-11-30,P0019,S009,333,85,10
2024-11-30,P0019,S011,277,96,9
2024-11-30,P0019,S013,90,72,4
2024-11-30,P0019,S015,326,95,6
2024-11-30,P0019,S017,441,47,12
2024-11-30,P0022,S001,162,32,7
2024-11-30,P0022,S003,336,73,3
2024-11-30,P0022,S005,139,74,7
2024-11-30,P0022,S007,337,83,12
2024-11-30,P0022,S009,184,97,6
2024-11-30,P0022,S011,168,77,6
2024-11-30,P0022,S013,83,57,12
2024-11-30,P0022,S015,121,59,3
2024-11-30,P0022,S017,411,46,6
2024-11-30,P0025,S001,386,55,4
2024-11-30,P0025,S003,347,25,12
2024-11-30,P0025,S005,459,83,10
2024-11-30,P0025,S007,415,100,7
2024-11-30,P0025,S009,425,45,8
2024-11-30,P0025,S011,29,36,10
2024-11-30,P0025,S013,316,59,9
2024-11-30,P0025,S015,498,58,7
2024-11-30,P0025,S017,318,33,7
2024-11-30,P0028,S001,131,99,8
2024-11-30,P0028,S003,500,43,10
2024-11-30,P0028,S005,195,35,9
2024-11-30,P0028,S007,24,60,10
2024-11-30,P0028,S009,440,95,11
2024-11-30,P0028,S011,22,58,7
2024-11-30,P0028,S013,189,64,7
2024-11-30,P0028,S015,367,56,4
2024-11-30,P0028,S017,310,35,6
2024-11-30,P0031,S001,324,73,3
2024-11-30,P0031,S003,358,68,3
2024-11-30,P0031,S005,418,23,9
2024-11-30,P0031,S007,94,44,14
2024-11-30,P0031,S009,214,58,14
2024-11-30,P0031,S011,372,40,11
2024-11-30,P0031,S013,480,63,9
2024-11-30,P0031,S015,120,29,6
2024-11-30,P0031,S017,192,71,10
2024-11-30,P0034,S001,364,47,11
2024-11-30,P0034,S003,273,39,10
2024-11-30,P0034,S005,35,81,11
2024-11-30,P0034,S007,292,68,3
2024-11-30,P0034,S009,157,43,14
2024-11-30,P0034,S011,46,52,14
2024-11-30,P0034,S013,383,28,6
2024-11-30,P0034,S015,111,41,11
2024-11-30,P0034,S017,314,31,3
2024-11-30,P0037,S001,253,66,4
2024-11-30,P0037,S003,208,55,10
2024-11-30,P0037,S005,93,98,10
2024-11-30,P0037,S007,267,55,13
2024-11-30,P0037,S009,257,80,10
2024-11-30,P0037,S011,240,55,11
2024-11-30,P0037,S013,343,79,13
2024-11-30,P0037,S015,392,71,12
2024-11-30,P0037,S017,52,36,12
2024-11-30,P0040,S001,271,46,10
2024-11-30,P0040,S003,301,89,11
2024-11-30,P0040,S005,455,85,10
2024-11-30,P0040,S007,312,27,3
2024-11-30,P0040,S009,394,34,4
2024-11-30,P0040,S011,21,22,14
2024-11-30,P0040,S013,295,71,11
2024-11-30,P0040,S015,118,70,13
2024-11-30,P0040,S017,229,95,6
2024-11-30,P0043,S001,386,94,5
2024-11-30,P0043,S003,51,78,6
2024-11-30,P0043,S005,431,82,4
2024-11-30,P0043,S007,84,35,4
2024-11-30,P0043,S009,104,49,11
2024-11-30,P0043,S011,358,43,10
2024-11-30,P0043,S013,384,74,12
2024-11-30,P0043,S015,432,47,13
2024-11-30,P0043,S017,253,27,10
2024-11-30,P0046,S001,25,68,3
2024-11-30,P0046,S003,342,78,8
2024-11-30,P0046,S005,174,21,13
2024-11-30,P0046,S007,35,63,11
2024-11-30,P0046,S009,466,89,12
2024-11-30,P0046,S011,174,97,4
2024-11-30,P0046,S013,163,57,4
2024-11-30,P0046,S015,104,22,11
2024-11-30,P0046,S017,229,46,12
2024-11-30,P0049,S001,277,62,5
2024-11-30,P0049,S003,465,84,14
2024-11-30,P0049,S005,266,34,13
2024-11-30,P0049,S007,70,71,10
2024-11-30,P0049,S009,20,96,14
2024-11-30,P0049,S011,469,75,8
2024-11-30,P0049,S013,378,47,13
2024-11-30,P0049,S015,153,44,5
2024-11-30,P0049,S017,478,59,13
2024-11-29,P0001,S001,467,46,6
2024-11-29,P0001,S003,297,35,5
2024-11-29,P0001,S005,285,73,5
2024-11-29,P0001,S007,89,98,14
2024-11-29,P0001,S009,211,88,11
2024-11-29,P0001,S011,347,86,10
2024-11-29,P0001,S013,462,52,12
2024-11-29,P0001,S015,239,25,9
2024-11-29,P0001,S017,61,97,5
2024-11-29,P0004,S001,490,54,4
2024-11-29,P0004,S003,143,71,13
2024-11-29,P0004,S005,493,76,3
2024-11-29,P0004,S007,479,53,6
2024-11-29,P0004,S009,276,24,4
2024-11-29,P0004,S011,355,82,14
2024-11-29,P0004,S013,118,24,12
2024-11-29,P0004,S015,459,69,14
2024-11-29,P0004,S017,58,97,4
2024-11-29,P0007,S001,307,80,14
2024-11-29,P0007,S003,357,89,11
2024-11-29,P0007,S005,237,52,7
2024-11-29,P0007,S007,42,45,8
2024-11-29,P0007,S009,232,77,9
2024-11-29,P0007,S011,67,22,7
2024-11-29,P0007,S013,370,65,3
2024-11-29,P0007,S015,480,90,8
2024-11-29,P0007,S017,499,54,6
2024-11-29,P0010,S001,499,81,11
2024-11-29,P0010,S003,53,73,9
2024-11-29,P0010,S005,206,38,3
2024-11-29,P0010,S007,248,79,5
2024-11-29,P0010,S009,334,98,4
2024-11-29,P0010,S011,120,80,8
2024-11-29,P0010,S013,154,62,4
2024-11-29,P0010,S015,387,66,9
2024-11-29,P0010,S017,212,59,14
2024-11-29,P0013,S001,44,75,4
2024-11-29,P0013,S003,320,78,10
2024-11-29,P0013,S005,238,76,4
2024-11-29,P0013,S007,359,100,5
2024-11-29,P0013,S009,378,87,11
2024-11-29,P0013,S011,77,34,13
2024-11-29,P0013,S013,461,21,13
2024-11-29,P0013,S015,27,21,5
2024-11-29,P0013,S017,238,24,13
2024-11-29,P0016,S001,440,74,6
2024-11-29,P0016,S003,384,75,10
2024-11-29,P0016,S005,132,57,7
2024-11-29,P0016,S007,324,91,8
2024-11-29,P0016,S009,281,99,12
2024-11-29,P0016,S011,72,92,14
2024-11-29,P0016,S013,463,34,4
2024-11-29,P0016,S015,447,59,3
2024-11-29,P0016,S017,418,88,10
2024-11-29,P0019,S001,252,90,11
2024-11-29,P0019,S003,205,20,9
2024-11-29,P0019,S005,114,80,11
2024-11-29,P0019,S007,378,28,9
2024-11-29,P0019,S009,56,35,3
2024-11-29,P0019,S011,17,89,14
2024-11-29,P0019,S013,33,60,5
2024-11-29,P0019,S015,127,43,11
2024-11-29,P0019,S017,43,82,8
2024-11-29,P0022,S001,185,87,4
2024-11-29,P0022,S003,352,64,11
2024-11-29,P0022,S005,164,40,6
2024-11-29,P0022,S007,477,25,13
2024-11-29,P0022,S009,472,50,11
2024-11-29,P0022,S011,428,37,3
2024-11-29,P0022,S013,192,64,3
2024-11-29,P0022,S015,180,70,13
2024-11-29,P0022,S017,195,88,13
2024-11-29,P0025,S001,326,33,5
2024-11-29,P0025,S003,201,99,13
2024-11-29,P0025,S005,93,53,11
2024-11-29,P0025,S007,167,27,14
2024-11-29,P0025,S009,254,64,10
2024-11-29,P0025,S011,442,31,7
2024-11-29,P0025,S013,493,66,11
2024-11-29,P0025,S015,319,38,6
2024-11-29,P0025,S017,338,71,13
2024-11-29,P0028,S001,487,70,12
2024-11-29,P0028,S003,184,59,4
2024-11-29,P0028,S005,234,77,7
2024-11-29,P0028,S007,367,30,7
2024-11-29,P0028,S009,375,31,3
2024-11-29,P0028,S011,341,87,5
2024-11-29,P0028,S013,426,37,8
2024-11-29,P0028,S015,325,93,8
2024-11-29,P0028,S017,267,58,7
2024-11-29,P0031,S001,140,48,9
2024-11-29,P0031,S003,439,62,10
2024-11-29,P0031,S005,118,34,4
2024-11-29,P0031,S007,362,46,11
2024-11-29,P0031,S009,37,57,10
2024-11-29,P0031,S011,156,28,8
2024-11-29,P0031,S013,326,32,3
2024-11-29,P0031,S015,129,58,8
2024-11-29,P0031,S017,63,40,6
2024-11-29,P0034,S001,369,71,9
2024-11-29,P0034,S003,307,41,5
2024-11-29,P0034,S005,310,24,5
2024-11-29,P0034,S007,79,96,11
2024-11-29,P0034,S009,464,20,7
2024-11-29,P0034,S011,107,66,13
2024-11-29,P0034,S013,304,42,3
2024-11-29,P0034,S015,263,99,10
2024-11-29,P0034,S017,377,86,3
2024-11-29,P0037,S001,210,86,3
2024-11-29,P0037,S003,269,35,10
2024-11-29,P0037,S005,457,99,14
2024-11-29,P0037,S007,131,40,12
2024-11-29,P0037,S009,373,39,11
2024-11-29,P0037,S011,239,57,11
2024-11-29,P0037,S013,287,64,11
2024-11-29,P0037,S015,220,89,7
2024-11-29,P0037,S017,314,48,3
2024-11-29,P0040,S001,255,84,10
2024-11-29,P0040,S003,56,24,5
2024-11-29,P0040,S005,42,43,9
2024-11-29,P0040,S007,450,92,14
2024-11-29,P0040,S009,153,30,11
2024-11-29,P0040,S011,476,55,14
2024-11-29,P0040,S013,95,22,5
2024-11-29,P0040,S015,375,33,7
2024-11-29,P0040,S017,24,79,12
2024-11-29,P0043,S001,144,66,13
2024-11-29,P0043,S003,106,43,4
2024-11-29,P0043,S005,349,22,6
2024-11-29,P0043,S007,127,23,8
2024-11-29,P0043,S009,329,82,3
2024-11-29,P0043,S011,409,56,12
2024-11-29,P0043,S013,451,30,7
2024-11-29,P0043,S015,197,31,3
2024-11-29,P0043,S017,221,52,12
2024-11-29,P0046,S001,331,64,13
2024-11-29,P0046,S003,125,43,14
2024-11-29,P0046,S005,468,69,6
2024-11-29,P0046,S007,194,26,9
2024-11-29,P0046,S009,150,29,9
2024-11-29,P0046,S011,142,93,8
2024-11-29,P0046,S013,82,25,13
2024-11-29,P0046,S015,475,94,4
2024-11-29,P0046,S017,102,30,9
2024-11-29,P0049,S001,44,72,14
2024-11-29,P0049,S003,260,50,14
2024-11-29,P0049,S005,397,66,14
2024-11-29,P0049,S007,32,58,3
2024-11-29,P0049,S009,229,31,12
2024-11-29,P0049,S011,106,75,12
2024-11-29,P0049,S013,305,83,7
2024-11-29,P0049,S015,130,54,9
2024-11-29,P0049,S017,287,22,13
2024-11-28,P0001,S001,290,72,3
2024-11-28,P0001,S003,13,68,3
2024-11-28,P0001,S005,239,46,3
2024-11-28,P0001,S007,106,65,14
2024-11-28,P0001,S009,56,51,3
2024-11-28,P0001,S011,82,74,7
2024-11-28,P0001,S013,491,88,11
2024-11-28,P0001,S015,484,42,6
2024-11-28,P0001,S017,236,85,7
2024-11-28,P0004,S001,61,22,12
2024-11-28,P0004,S003,226,58,3
2024-11-28,P0004,S005,54,100,6
2024-11-28,P0004,S007,414,29,10
2024-11-28,P0004,S009,27,38,14
2024-11-28,P0004,S011,406,80,5
2024-11-28,P0004,S013,257,60,9
2024-11-28,P0004,S015,132,26,8
2024-11-28,P0004,S017,30,57,3
2024-11-28,P0007,S001,84,46,14
2024-11-28,P0007,S003,135,92,13
2024-11-28,P0007,S005,271,85,14
2024-11-28,P0007,S007,328,40,14
2024-11-28,P0007,S009,483,79,8
2024-11-28,P0007,S011,77,28,3
2024-11-28,P0007,S013,225,82,12
2024-11-28,P0007,S015,122,63,8
2024-11-28,P0007,S017,192,73,13
2024-11-28,P0010,S001,211,62,14
2024-11-28,P0010,S003,401,83,9
2024-11-28,P0010,S005,190,95,7
2024-11-28,P0010,S007,30,36,11
2024-11-28,P0010,S009,68,37,4
2024-11-28,P0010,S011,360,31,10
2024-11-28,P0010,S013,332,88,14
2024-11-28,P0010,S015,50,72,9
2024-11-28,P0010,S017,342,35,14
2024-11-28,P0013,S001,415,93,10
2024-11-28,P0013,S003,318,33,14
2024-11-28,P0013,S005,94,68,10
2024-11-28,P0013,S007,355,60,4
2024-11-28,P0013,S009,181,31,7
2024-11-28,P0013,S011,434,66,14
2024-11-28,P0013,S013,362,89,3
2024-11-28,P0013,S015,340,46,4
2024-11-28,P0013,S017,258,90,9
2024-11-28,P0016,S001,226,21,5
2024-11-28,P0016,S003,405,78,12
2024-11-28,P0016,S005,170,68,11
2024-11-28,P0016,S007,500,58,4
2024-11-28,P0016,S009,405,81,8
2024-11-28,P0016,S011,283,66,9
2024-11-28,P0016,S013,385,68,5
2024-11-28,P0016,S015,435,56,3
2024-11-28,P0016,S017,151,93,6
2024-11-28,P0019,S001,285,31,7
2024-11-28,P0019,S003,140,22,3
2024-11-28,P0019,S005,471,48,8
2024-11-28,P0019,S007,20,71,8
2024-11-28,P0019,S009,14,84,9
2024-11-28,P0019,S011,140,68,14
2024-11-28,P0019,S013,227,99,3
2024-11-28,P0019,S015,357,56,14
2024-11-28,P0019,S017,119,84,3
2024-11-28,P0022,S001,255,82,5
2024-11-28,P0022,S003,241,84,4
2024-11-28,P0022,S005,428,58,5
2024-11-28,P0022,S007,30,51,11
2024-11-28,P0022,S009,248,63,14
2024-11-28,P0022,S011,33,63,9
2024-11-28,P0022,S013,491,90,10
2024-11-28,P0022,S015,197,45,4
2024-11-28,P0022,S017,299,33,7
2024-11-28,P0025,S001,482,71,4
2024-11-28,P0025,S003,242,98,10
2024-11-28,P0025,S005,301,86,3
2024-11-28,P0025,S007,102,61,10
2024-11-28,P0025,S009,465,66,11
2024-11-28,P0025,S011,282,88,13
2024-11-28,P0025,S013,26,90,14
2024-11-28,P0025,S015,61,43,4
2024-11-28,P0025,S017,329,74,8
2024-11-28,P0028,S001,426,77,11
2024-11-28,P0028,S003,464,48,9
2024-11-28,P0028,S005,187,36,7
2024-11-28,P0028,S007,291,32,9
2024-11-28,P0028,S009,291,90,9
2024-11-28,P0028,S011,423,48,4
2024-11-28,P0028,S013,203,69,12
2024-11-28,P0028,S015,73,54,7
2024-11-28,P0028,S017,40,51,13
2024-11-28,P0031,S001,164,68,5
2024-11-28,P0031,S003,319,53,12
2024-11-28,P0031,S005,174,49,13
2024-11-28,P0031,S007,296,52,7
2024-11-28,P0031,S009,429,75,11
2024-11-28,P0031,S011,70,90,9
2024-11-28,P0031,S013,250,67,10
2024-11-28,P0031,S015,328,22,14
2024-11-28,P0031,S017,486,45,6
2024-11-28,P0034,S001,276,31,8
2024-11-28,P0034,S003,128,41,9
2024-11-28,P0034,S005,35,80,13
2024-11-28,P0034,S007,215,32,14
2024-11-28,P0034,S009,477,28,5
2024-11-28,P0034,S011,54,67,10
2024-11-28,P0034,S013,320,44,10
2024-11-28,P0034,S015,32,82,11
2024-11-28,P0034,S017,360,24,11
2024-11-28,P0037,S001,204,35,6
2024-11-28,P0037,S003,433,54,4
2024-11-28,P0037,S005,87,20,12
2024-11-28,P0037,S007,310,20,9
2024-11-28,P0037,S009,39,46,9
2024-11-28,P0037,S011,204,29,4
2024-11-28,P0037,S013,332,39,8
2024-11-28,P0037,S015,383,81,5
2024-11-28,P0037,S017,187,81,9
2024-11-28,P0040,S001,258,93,4
2024-11-28,P0040,S003,298,25,10
2024-11-28,P0040,S005,198,69,14
2024-11-28,P0040,S007,25,95,9
2024-11-28,P0040,S009,185,30,3
2024-11-28,P0040,S011,240,96,10
2024-11-28,P0040,S013,480,57,13
2024-11-28,P0040,S015,90,94,10
2024-11-28,P0040,S017,484,86,13
2024-11-28,P0043,S001,148,43,10
2024-11-28,P0043,S003,272,90,10
2024-11-28,P0043,S005,107,34,13
2024-11-28,P0043,S007,441,88,3
2024-11-28,P0043,S009,399,46,9
2024-11-28,P0043,S011,34,40,12
2024-11-28,P0043,S013,317,94,3
2024-11-28,P0043,S015,372,100,13
2024-11-28,P0043,S017,179,88,8
2024-11-28,P0046,S001,479,52,11
2024-11-28,P0046,S003,31,27,14
2024-11-28,P0046,S005,169,22,11
2024-11-28,P0046,S007,494,66,3
2024-11-28,P0046,S009,84,54,14
2024-11-28,P0046,S011,103,71,13
2024-11-28,P0046,S013,53,67,7
2024-11-28,P0046,S015,215,32,4
2024-11-28,P0046,S017,423,92,12
2024-11-28,P0049,S001,213,29,8
2024-11-28,P0049,S003,112,43,12
2024-11-28,P0049,S005,31,43,7
2024-11-28,P0049,S007,152,65,8
2024-11-28,P0049,S009,364,91,9
2024-11-28,P0049,S011,64,55,11
2024-11-28,P0049,S013,45,98,10
2024-11-28,P0049,S015,323,87,7
2024-11-28,P0049,S017,283,64,9
2024-11-27,P0001,S001,145,23,8
2024-11-27,P0001,S003,237,50,10
2024-11-27,P0001,S005,233,74,11
2024-11-27,P0001,S007,59,30,9
2024-11-27,P0001,S009,399,74,3
2024-11-27,P0001,S011,413,95,12
2024-11-27,P0001,S013,429,94,10
2024-11-27,P0001,S015,194,36,9
2024-11-27,P0001,S017,255,69,11
2024-11-27,P0004,S001,68,62,5
2024-11-27,P0004,S003,231,73,9
2024-11-27,P0004,S005,109,22,4
2024-11-27,P0004,S007,20,64,10
2024-11-27,P0004,S009,82,43,4
2024-11-27,P0004,S011,154,77,14
2024-11-27,P0004,S013,188,62,4
2024-11-27,P0004,S015,445,85,7
2024-11-27,P0004,S017,333,95,3
2024-11-27,P0007,S001,359,33,11
2024-11-27,P0007,S003,466,27,13
2024-11-27,P0007,S005,109,100,10
2024-11-27,P0007,S007,440,50,12
2024-11-27,P0007,S009,251,55,8
2024-11-27,P0007,S011,384,36,9
2024-11-27,P0007,S013,174,84,13
2024-11-27,P0007,S015,39,60,11
2024-11-27,P0007,S017,352,60,8
2024-11-27,P0010,S001,343,98,12
2024-11-27,P0010,S003,316,65,8
2024-11-27,P0010,S005,142,57,10
2024-11-27,P0010,S007,83,36,14
2024-11-27,P0010,S009,475,85,10
2024-11-27,P0010,S011,171,66,10
2024-11-27,P0010,S013,153,30,5
2024-11-27,P0010,S015,498,42,3
2024-11-27,P0010,S017,205,74,14
2024-11-27,P0013,S001,73,57,7
2024-11-27,P0013,S003,374,28,13
2024-11-27,P0013,S005,376,72,5
2024-11-27,P0013,S007,450,80,3
2024-11-27,P0013,S009,21,54,4
2024-11-27,P0013,S011,448,60,9
2024-11-27,P0013,S013,146,61,9
2024-11-27,P0013,S015,306,39,5
2024-11-27,P0013,S017,302,25,14
2024-11-27,P0016,S001,170,58,4
2024-11-27,P0016,S003,381,80,12
2024-11-27,P0016,S005,325,99,8
2024-11-27,P0016,S007,266,42,11
2024-11-27,P0016,S009,328,97,11
2024-11-27,P0016,S011,458,26,11
2024-11-27,P0016,S013,13,48,11
2024-11-27,P0016,S015,139,25,14
2024-11-27,P0016,S017,416,95,6
2024-11-27,P0019,S001,376,27,8
2024-11-27,P0019,S003,119,59,9
2024-11-27,P0019,S005,280,90,6
2024-11-27,P0019,S007,204,96,11
2024-11-27,P0019,S009,278,52,6
2024-11-27,P0019,S011,245,50,4
2024-11-27,P0019,S013,397,69,10
2024-11-27,P0019,S015,34,50,7
2024-11-27,P0019,S017,59,37,10
2024-11-27,P0022,S001,94,28,10
2024-11-27,P0022,S003,115,84,4
2024-11-27,P0022,S005,207,47,11
2024-11-27,P0022,S007,252,100,13
2024-11-27,P0022,S009,475,69,13
2024-11-27,P0022,S011,282,74,14
2024-11-27,P0022,S013,243,98,5
2024-11-27,P0022,S015,381,56,5
2024-11-27,P0022,S017,429,87,9
2024-11-27,P0025,S001,179,32,9
2024-11-27,P0025,S003,406,43,12
2024-11-27,P0025,S005,497,95,7
2024-11-27,P0025,S007,100,41,6
2024-11-27,P0025,S009,476,39,5
2024-11-27,P0025,S011,65,24,9
2024-11-27,P0025,S013,470,66,6
2024-11-27,P0025,S015,59,57,11
2024-11-27,P0025,S017,160,70,11
2024-11-27,P0028,S001,456,54,4
2024-11-27,P0028,S003,354,92,9
2024-11-27,P0028,S005,246,92,5
2024-11-27,P0028,S007,220,77,14
2024-11-27,P0028,S009,491,42,14
2024-11-27,P0028,S011,400,27,9
2024-11-27,P0028,S013,313,23,11
2024-11-27,P0028,S015,224,94,13
2024-11-27,P0028,S017,146,81,14
2024-11-27,P0031,S001,461,69,9
2024-11-27,P0031,S003,13,50,6
2024-11-27,P0031,S005,376,92,3
2024-11-27,P0031,S007,73,58,6
2024-11-27,P0031,S009,48,26,7
2024-11-27,P0031,S011,407,29,8
2024-11-27,P0031,S013,56,93,7
2024-11-27,P0031,S015,35,73,3
2024-11-27,P0031,S017,414,22,7
2024-11-27,P0034,S001,65,37,10
2024-11-27,P0034,S003,368,63,5
2024-11-27,P0034,S005,381,97,10
2024-11-27,P0034,S007,469,23,12
2024-11-27,P0034,S009,332,82,4
2024-11-27,P0034,S011,12,29,14
2024-11-27,P0034,S013,480,61,7
2024-11-27,P0034,S015,29,39,12
2024-11-27,P0034,S017,177,56,4
2024-11-27,P0037,S001,397,46,10
2024-11-27,P0037,S003,292,98,4
2024-11-27,P0037,S005,352,63,4
2024-11-27,P0037,S007,267,74,12
2024-11-27,P0037,S009,181,65,8
2024-11-27,P0037,S011,129,51,5
2024-11-27,P0037,S013,133,91,8
2024-11-27,P0037,S015,199,39,3
2024-11-27,P0037,S017,334,39,11
2024-11-27,P0040,S001,123,91,3
2024-11-27,P0040,S003,452,42,10
2024-11-27,P0040,S005,418,26,9
2024-11-27,P0040,S007,291,65,4
2024-11-27,P0040,S009,68,64,14
2024-11-27,P0040,S011,389,22,12
2024-11-27,P0040,S013,354,38,14
2024-11-27,P0040,S015,495,86,10
2024-11-27,P0040,S017,148,55,5
2024-11-27,P0043,S001,196,83,7
2024-11-27,P0043,S003,202,93,6
2024-11-27,P0043,S005,187,77,7
2024-11-27,P0043,S007,52,30,9
2024-11-27,P0043,S009,79,31,12
2024-11-27,P0043,S011,158,34,10
2024-11-27,P0043,S013,175,46,9
2024-11-27,P0043,S015,236,56,12
2024-11-27,P0043,S017,489,77,5
2024-11-27,P0046,S001,49,82,6
2024-11-27,P0046,S003,203,81,3
2024-11-27,P0046,S005,169,34,7
2024-11-27,P0046,S007,345,86,12
2024-11-27,P0046,S009,377,26,11
2024-11-27,P0046,S011,164,84,7
2024-11-27,P0046,S013,125,57,8
2024-11-27,P0046,S015,379,81,8
2024-11-27,P0046,S017,66,74,9
2024-11-27,P0049,S001,116,49,6
2024-11-27,P0049,S003,308,22,5
2024-11-27,P0049,S005,419,21,8
2024-11-27,P0049,S007,396,71,7
2024-11-27,P0049,S009,65,63,11
2024-11-27,P0049,S011,234,42,14
2024-11-27,P0049,S013,327,79,4
2024-11-27,P0049,S015,433,70,4
2024-11-27,P0049,S017,498,89,12
2024-11-26,P0001,S001,137,82,6
2024-11-26,P0001,S003,357,48,5
2024-11-26,P0001,S005,335,78,3
2024-11-26,P0001,S007,179,78,4
2024-11-26,P0001,S009,65,93,3
2024-11-26,P0001,S011,213,34,9
2024-11-26,P0001,S013,11,60,9
2024-11-26,P0001,S015,303,25,3
2024-11-26,P0001,S017,492,98,10
2024-11-26,P0004,S001,482,65,4
2024-11-26,P0004,S003,130,97,14
2024-11-26,P0004,S005,123,30,10
2024-11-26,P0004,S007,310,93,10
2024-11-26,P0004,S009,456,100,4
2024-11-26,P0004,S011,307,53,14
2024-11-26,P0004,S013,86,53,8
2024-11-26,P0004,S015,17,27,12
2024-11-26,P0004,S017,392,72,6
2024-11-26,P0007,S001,365,80,7
2024-11-26,P0007,S003,387,72,4
2024-11-26,P0007,S005,266,24,6
2024-11-26,P0007,S007,356,43,11
2024-11-26,P0007,S009,165,29,11
2024-11-26,P0007,S011,486,65,6
2024-11-26,P0007,S013,327,67,5
2024-11-26,P0007,S015,491,29,4
2024-11-26,P0007,S017,51,67,11
2024-11-26,P0010,S001,186,83,8
2024-11-26,P0010,S003,157,29,10
2024-11-26,P0010,S005,431,86,8
2024-11-26,P0010,S007,35,79,8
2024-11-26,P0010,S009,370,23,12
2024-11-26,P0010,S011,312,23,13
2024-11-26,P0010,S013,461,68,4
2024-11-26,P0010,S015,107,82,7
2024-11-26,P0010,S017,214,64,10
2024-11-26,P0013,S001,77,66,13
2024-11-26,P0013,S003,96,77,13
2024-11-26,P0013,S005,89,85,5
2024-11-26,P0013,S007,390,60,10
2024-11-26,P0013,S009,491,80,10
2024-11-26,P0013,S011,108,77,9
2024-11-26,P0013,S013,115,96,10
2024-11-26,P0013,S015,123,43,3
2024-11-26,P0013,S017,189,44,9
2024-11-26,P0016,S001,11,21,3
2024-11-26,P0016,S003,398,85,10
2024-11-26,P0016,S005,239,62,6
2024-11-26,P0016,S007,10,68,9
2024-11-26,P0016,S009,53,32,12
2024-11-26,P0016,S011,127,34,9
2024-11-26,P0016,S013,43,77,10
2024-11-26,P0016,S015,26,86,5
2024-11-26,P0016,S017,486,97,11
2024-11-26,P0019,S001,76,66,9
2024-11-26,P0019,S003,68,64,4
2024-11-26,P0019,S005,273,55,14
2024-11-26,P0019,S007,139,68,5
2024-11-26,P0019,S009,477,33,3
2024-11-26,P0019,S011,18,78,11
2024-11-26,P0019,S013,18,95,4
2024-11-26,P0019,S015,411,56,5
2024-11-26,P0019,S017,67,23,10
2024-11-26,P0022,S001,231,66,6
2024-11-26,P0022,S003,327,98,8
2024-11-26,P0022,S005,174,82,10
2024-11-26,P0022,S007,86,67,5
2024-11-26,P0022,S009,442,38,14
2024-11-26,P0022,S011,372,67,12
2024-11-26,P0022,S013,327,55,5
2024-11-26,P0022,S015,224,39,11
2024-11-26,P0022,S017,92,89,11
2024-11-26,P0025,S001,265,64,13
2024-11-26,P0025,S003,15,79,9
2024-11-26,P0025,S005,416,59,10
2024-11-26,P0025,S007,400,90,4
2024-11-26,P0025,S009,484,49,7
2024-11-26,P0025,S011,210,37,8
2024-11-26,P0025,S013,152,93,9
2024-11-26,P0025,S015,219,95,6
2024-11-26,P0025,S017,180,30,12
2024-11-26,P0028,S001,362,72,13
2024-11-26,P0028,S003,346,51,3
2024-11-26,P0028,S005,472,49,6
2024-11-26,P0028,S007,398,32,11
2024-11-26,P0028,S009,117,93,9
2024-11-26,P0028,S011,350,61,4
2024-11-26,P0028,S013,402,32,11
2024-11-26,P0028,S015,356,72,9
2024-11-26,P0028,S017,214,46,10
2024-11-26,P0031,S001,370,86,5
2024-11-26,P0031,S003,165,20,6
2024-11-26,P0031,S005,76,69,11
2024-11-26,P0031,S007,383,95,13
2024-11-26,P0031,S009,209,73,5
2024-11-26,P0031,S011,394,36,3
2024-11-26,P0031,S013,276,22,14
2024-11-26,P0031,S015,476,78,7
2024-11-26,P0031,S017,121,66,9
2024-11-26,P0034,S001,146,52,9
2024-11-26,P0034,S003,461,62,9
2024-11-26,P0034,S005,479,49,3
2024-11-26,P0034,S007,483,94,8
2024-11-26,P0034,S009,31,44,6
2024-11-26,P0034,S011,305,98,12
2024-11-26,P0034,S013,396,30,10
2024-11-26,P0034,S015,23,23,12
2024-11-26,P0034,S017,438,51,9
2024-11-26,P0037,S001,359,26,8
2024-11-26,P0037,S003,79,99,3
2024-11-26,P0037,S005,424,34,13
2024-11-26,P0037,S007,493,46,10
2024-11-26,P0037,S009,46,68,9
2024-11-26,P0037,S011,487,93,4
2024-11-26,P0037,S013,82,48,14
2024-11-26,P0037,S015,316,46,10
2024-11-26,P0037,S017,134,24,5
2024-11-26,P0040,S001,235,99,12
2024-11-26,P0040,S003,94,62,14
2024-11-26,P0040,S005,383,71,4
2024-11-26,P0040,S007,76,70,5
2024-11-26,P0040,S009,413,93,10
2024-11-26,P0040,S011,288,32,8
2024-11-26,P0040,S013,74,29,10
2024-11-26,P0040,S015,181,28,6
2024-11-26,P0040,S017,113,51,5
2024-11-26,P0043,S001,159,51,10
2024-11-26,P0043,S003,188,88,3
2024-11-26,P0043,S005,470,82,11
2024-11-26,P0043,S007,333,60,5
2024-11-26,P0043,S009,15,85,5
2024-11-26,P0043,S011,382,79,8
2024-11-26,P0043,S013,187,62,14
2024-11-26,P0043,S015,159,39,11
2024-11-26,P0043,S017,331,72,13
2024-11-26,P0046,S001,27,54,6
2024-11-26,P0046,S003,57,42,11
2024-11-26,P0046,S005,46,31,12
2024-11-26,P0046,S007,380,52,6
2024-11-26,P0046,S009,412,25,10
2024-11-26,P0046,S011,165,41,4
2024-11-26,P0046,S013,11,43,10
2024-11-26,P0046,S015,496,38,4
2024-11-26,P0046,S017,15,54,11
2024-11-26,P0049,S001,23,59,3
2024-11-26,P0049,S003,297,64,10
2024-11-26,P0049,S005,204,61,14
2024-11-26,P0049,S007,75,94,5
2024-11-26,P0049,S009,134,99,6
2024-11-26,P0049,S011,125,73,8
2024-11-26,P0049,S013,206,27,12
2024-11-26,P0049,S015,167,64,5
2024-11-26,P0049,S017,445,34,6
2024-11-25,P0001,S001,27,42,10
2024-11-25,P0001,S003,443,24,10
2024-11-25,P0001,S005,130,43,13
2024-11-25,P0001,S007,200,69,5
2024-11-25,P0001,S009,457,56,4
2024-11-25,P0001,S011,475,85,3
2024-11-25,P0001,S013,499,60,8
2024-11-25,P0001,S015,404,74,6
2024-11-25,P0001,S017,130,25,3
2024-11-25,P0004,S001,84,63,5
2024-11-25,P0004,S003,452,51,14
2024-11-25,P0004,S005,308,94,7
2024-11-25,P0004,S007,490,84,6
2024-11-25,P0004,S009,290,29,14
2024-11-25,P0004,S011,325,60,14
2024-11-25,P0004,S013,297,89,11
2024-11-25,P0004,S015,184,66,10
2024-11-25,P0004,S017,423,66,3
2024-11-25,P0007,S001,52,37,11
2024-11-25,P0007,S003,32,74,9
2024-11-25,P0007,S005,14,87,11
2024-11-25,P0007,S007,165,55,12
2024-11-25,P0007,S009,421,36,4
2024-11-25,P0007,S011,53,88,4
2024-11-25,P0007,S013,482,22,13
2024-11-25,P0007,S015,222,95,8
2024-11-25,P0007,S017,312,34,10
2024-11-25,P0010,S001,466,23,7
2024-11-25,P0010,S003,188,100,13
2024-11-25,P0010,S005,490,24,13
2024-11-25,P0010,S007,132,88,4
2024-11-25,P0010,S009,122,56,14
2024-11-25,P0010,S011,443,98,8
2024-11-25,P0010,S013,183,51,5
2024-11-25,P0010,S015,381,35,5
2024-11-25,P0010,S017,253,41,10
2024-11-25,P0013,S001,317,62,5
2024-11-25,P0013,S003,474,85,7
2024-11-25,P0013,S005,256,22,3
2024-11-25,P0013,S007,48,75,13
2024-11-25,P0013,S009,158,96,5
2024-11-25,P0013,S011,462,44,10
2024-11-25,P0013,S013,295,41,9
2024-11-25,P0013,S015,317,60,6
2024-11-25,P0013,S017,489,81,10
2024-11-25,P0016,S001,225,39,3
2024-11-25,P0016,S003,134,99,12
2024-11-25,P0016,S005,176,29,5
2024-11-25,P0016,S007,405,48,7
2024-11-25,P0016,S009,29,51,10
2024-11-25,P0016,S011,314,86,14
2024-11-25,P0016,S013,245,73,12
2024-11-25,P0016,S015,187,69,7
2024-11-25,P0016,S017,38,29,8
2024-11-25,P0019,S001,45,28,11
2024-11-25,P0019,S003,147,40,6
2024-11-25,P0019,S005,122,20,14
2024-11-25,P0019,S007,275,80,3
2024-11-25,P0019,S009,456,85,12
2024-11-25,P0019,S011,12,20,13
2024-11-25,P0019,S013,349,27,14
2024-11-25,P0019,S015,157,24,10
2024-11-25,P0019,S017,235,91,10
2024-11-25,P0022,S001,328,51,14
2024-11-25,P0022,S003,231,62,9
2024-11-25,P0022,S005,128,94,13
2024-11-25,P0022,S007,369,47,4
2024-11-25,P0022,S009,99,89,10
2024-11-25,P0022,S011,94,43,9
2024-11-25,P0022,S013,221,82,4
2024-11-25,P0022,S015,210,26,4
2024-11-25,P0022,S017,416,76,4
2024-11-25,P0025,S001,237,84,10
2024-11-25,P0025,S003,55,51,8
2024-11-25,P0025,S005,160,38,3
2024-11-25,P0025,S007,261,67,11
2024-11-25,P0025,S009,425,35,9
2024-11-25,P0025,S011,52,48,6
2024-11-25,P0025,S013,21,86,11
2024-11-25,P0025,S015,282,89,11
2024-11-25,P0025,S017,191,93,14
2024-11-25,P0028,S001,481,34,10
2024-11-25,P0028,S003,426,57,10
2024-11-25,P0028,S005,34,31,5
2024-11-25,P0028,S007,365,21,5
2024-11-25,P0028,S009,228,84,7
2024-11-25,P0028,S011,477,100,14
2024-11-25,P0028,S013,61,37,3
2024-11-25,P0028,S015,428,81,11
2024-11-25,P0028,S017,470,51,8
2024-11-25,P0031,S001,75,87,13
2024-11-25,P0031,S003,52,94,4
2024-11-25,P0031,S005,487,37,9
2024-11-25,P0031,S007,314,58,13
2024-11-25,P0031,S009,203,27,12
2024-11-25,P0031,S011,190,83,4
2024-11-25,P0031,S013,326,61,3
2024-11-25,P0031,S015,218,42,10
2024-11-25,P0031,S017,316,40,10
2024-11-25,P0034,S001,112,68,11
2024-11-25,P0034,S003,464,68,3
2024-11-25,P0034,S005,172,52,9
2024-11-25,P0034,S007,488,40,14
2024-11-25,P0034,S009,268,55,10
2024-11-25,P0034,S011,99,22,5
2024-11-25,P0034,S013,367,58,8
2024-11-25,P0034,S015,496,88,8
2024-11-25,P0034,S017,483,57,13
2024-11-25,P0037,S001,124,63,5
2024-11-25,P0037,S003,315,32,9
2024-11-25,P0037,S005,177,64,9
2024-11-25,P0037,S007,338,89,4
2024-11-25,P0037,S009,45,41,7
2024-11-25,P0037,S011,193,35,13
2024-11-25,P0037,S013,338,76,5
2024-11-25,P0037,S015,345,68,5
2024-11-25,P0037,S017,183,98,10
2024-11-25,P0040,S001,21,75,13
2024-11-25,P0040,S003,279,23,4
2024-11-25,P0040,S005,385,33,12
2024-11-25,P0040,S007,86,35,8
2024-11-25,P0040,S009,400,71,13
2024-11-25,P0040,S011,427,94,9
2024-11-25,P0040,S013,413,74,11
2024-11-25,P0040,S015,394,75,13
2024-11-25,P0040,S017,443,72,8
2024-11-25,P0043,S001,328,68,10
2024-11-25,P0043,S003,400,90,12
2024-11-25,P0043,S005,351,41,6
2024-11-25,P0043,S007,192,44,7
2024-11-25,P0043,S009,382,32,7
2024-11-25,P0043,S011,152,75,4
2024-11-25,P0043,S013,456,81,10
2024-11-25,P0043,S015,150,68,5
2024-11-25,P0043,S017,211,21,7
2024-11-25,P0046,S001,27,79,5
2024-11-25,P0046,S003,389,25,10
2024-11-25,P0046,S005,57,27,10
2024-11-25,P0046,S007,348,80,5
2024-11-25,P0046,S009,100,98,11
2024-11-25,P0046,S011,398,83,10
2024-11-25,P0046,S013,233,54,3
2024-11-25,P0046,S015,87,70,9
2024-11-25,P0046,S017,420,21,4
2024-11-25,P0049,S001,81,73,4
2024-11-25,P0049,S003,234,78,6
2024-11-25,P0049,S005,324,80,7
2024-11-25,P0049,S007,322,38,6
2024-11-25,P0049,S009,303,49,13
2024-11-25,P0049,S011,35,96,14
2024-11-25,P0049,S013,262,45,3
2024-11-25,P0049,S015,483,52,6
2024-11-25,P0049,S017,495,36,10
2024-11-24,P0001,S001,230,58,11
2024-11-24,P0001,S003,348,87,8
2024-11-24,P0001,S005,33,22,6
2024-11-24,P0001,S007,378,73,4
2024-11-24,P0001,S009,330,92,14
2024-11-24,P0001,S011,139,68,11
2024-11-24,P0001,S013,180,54,7
2024-11-24,P0001,S015,422,52,12
2024-11-24,P0001,S017,125,45,12
2024-11-24,P0004,S001,64,42,3
2024-11-24,P0004,S003,390,50,7
2024-11-24,P0004,S005,247,25,12
2024-11-24,P0004,S007,228,65,11
2024-11-24,P0004,S009,212,34,10
2024-11-24,P0004,S011,322,58,6
2024-11-24,P0004,S013,249,62,3
2024-11-24,P0004,S015,118,41,6
2024-11-24,P0004,S017,155,66,8
2024-11-24,P0007,S001,260,89,13
2024-11-24,P0007,S003,193,51,4
2024-11-24,P0007,S005,117,68,9
2024-11-24,P0007,S007,125,81,8
2024-11-24,P0007,S009,61,89,6
2024-11-24,P0007,S011,250,96,9
2024-11-24,P0007,S013,471,21,13
2024-11-24,P0007,S015,393,72,7
2024-11-24,P0007,S017,169,47,8
2024-11-24,P0010,S001,263,69,12
2024-11-24,P0010,S003,496,86,7
2024-11-24,P0010,S005,461,70,3
2024-11-24,P0010,S007,152,22,6
2024-11-24,P0010,S009,172,36,8
2024-11-24,P0010,S011,94,57,13
2024-11-24,P0010,S013,82,26,10
2024-11-24,P0010,S015,291,21,8
2024-11-24,P0010,S017,423,81,7
2024-11-24,P0013,S001,219,36,10
2024-11-24,P0013,S003,384,30,10
2024-11-24,P0013,S005,205,66,10
2024-11-24,P0013,S007,136,40,7
2024-11-24,P0013,S009,128,46,6
2024-11-24,P0013,S011,485,67,8
2024-11-24,P0013,S013,90,63,12
2024-11-24,P0013,S015,410,88,4
2024-11-24,P0013,S017,369,21,5
2024-11-24,P0016,S001,82,70,4
2024-11-24,P0016,S003,212,83,5
2024-11-24,P0016,S005,64,80,12
2024-11-24,P0016,S007,391,39,6
2024-11-24,P0016,S009,376,61,12
2024-11-24,P0016,S011,478,79,7
2024-11-24,P0016,S013,361,49,13
2024-11-24,P0016,S015,292,52,9
2024-11-24,P0016,S017,286,42,7
2024-11-24,P0019,S001,362,60,11
2024-11-24,P0019,S003,195,72,4
2024-11-24,P0019,S005,59,95,9
2024-11-24,P0019,S007,198,22,6
2024-11-24,P0019,S009,316,30,9
2024-11-24,P0019,S011,240,84,11
2024-11-24,P0019,S013,359,71,3
2024-11-24,P0019,S015,256,53,6
2024-11-24,P0019,S017,108,45,8
2024-11-24,P0022,S001,221,40,12
2024-11-24,P0022,S003,45,49,5
2024-11-24,P0022,S005,235,83,14
2024-11-24,P0022,S007,47,64,14
2024-11-24,P0022,S009,235,90,4
2024-11-24,P0022,S011,138,21,10
2024-11-24,P0022,S013,495,51,12
2024-11-24,P0022,S015,250,34,14
2024-11-24,P0022,S017,133,24,3
2024-11-24,P0025,S001,79,56,4
2024-11-24,P0025,S003,146,43,9
2024-11-24,P0025,S005,300,46,4
2024-11-24,P0025,S007,65,58,8
2024-11-24,P0025,S009,275,57,11
2024-11-24,P0025,S011,93,36,13
2024-11-24,P0025,S013,440,21,14
2024-11-24,P0025,S015,427,53,6
2024-11-24,P0025,S017,322,79,8
2024-11-24,P0028,S001,166,85,8
2024-11-24,P0028,S003,478,96,3
2024-11-24,P0028,S005,230,21,12
2024-11-24,P0028,S007,474,78,7
2024-11-24,P0028,S009,420,68,9
2024-11-24,P0028,S011,430,44,14
2024-11-24,P0028,S013,19,47,4
2024-11-24,P0028,S015,82,83,7
2024-11-24,P0028,S017,364,93,4
2024-11-24,P0031,S001,444,33,5
2024-11-24,P0031,S003,50,71,9
2024-11-24,P0031,S005,183,96,8
2024-11-24,P0031,S007,120,68,13
2024-11-24,P0031,S009,467,40,14
2024-11-24,P0031,S011,153,73,8
2024-11-24,P0031,S013,481,83,4
2024-11-24,P0031,S015,349,98,9
2024-11-24,P0031,S017,336,89,14
2024-11-24,P0034,S001,315,72,9
2024-11-24,P0034,S003,157,83,14
2024-11-24,P0034,S005,478,68,14
2024-11-24,P0034,S007,85,61,5
2024-11-24,P0034,S009,441,48,12
2024-11-24,P0034,S011,401,90,6
2024-11-24,P0034,S013,144,24,5
2024-11-24,P0034,S015,493,85,12
2024-11-24,P0034,S017,113,88,12
2024-11-24,P0037,S001,297,52,10
2024-11-24,P0037,S003,201,79,3
2024-11-24,P0037,S005,432,95,3
2024-11-24,P0037,S007,496,86,12
2024-11-24,P0037,S009,19,67,13
2024-11-24,P0037,S011,151,74,13
2024-11-24,P0037,S013,365,96,14
2024-11-24,P0037,S015,299,32,13
2024-11-24,P0037,S017,132,71,10
2024-11-24,P0040,S001,353,68,6
2024-11-24,P0040,S003,493,77,10
2024-11-24,P0040,S005,225,43,11
2024-11-24,P0040,S007,68,26,10
2024-11-24,P0040,S009,161,77,7
2024-11-24,P0040,S011,368,46,7
2024-11-24,P0040,S013,90,87,7
2024-11-24,P0040,S015,455,85,13
2024-11-24,P0040,S017,370,26,5
2024-11-24,P0043,S001,78,23,12
2024-11-24,P0043,S003,39,66,9
2024-11-24,P0043,S005,192,30,14
2024-11-24,P0043,S007,46,28,10
2024-11-24,P0043,S009,186,55,7
2024-11-24,P0043,S011,441,31,13
2024-11-24,P0043,S013,354,74,8
2024-11-24,P0043,S015,157,91,9
2024-11-24,P0043,S017,65,76,11
2024-11-24,P0046,S001,59,52,4
2024-11-24,P0046,S003,362,40,14
2024-11-24,P0046,S005,126,71,7
2024-11-24,P0046,S007,366,52,6
2024-11-24,P0046,S009,389,61,9
2024-11-24,P0046,S011,472,94,6
2024-11-24,P0046,S013,329,66,9
2024-11-24,P0046,S015,94,59,6
2024-11-24,P0046,S017,459,62,12
2024-11-24,P0049,S001,196,84,11
2024-11-24,P0049,S003,71,86,5
2024-11-24,P0049,S005,126,21,5
2024-11-24,P0049,S007,488,60,5
2024-11-24,P0049,S009,445,78,3
2024-11-24,P0049,S011,289,71,3
2024-11-24,P0049,S013,189,90,14
2024-11-24,P0049,S015,156,64,11
2024-11-24,P0049,S017,190,25,14
2024-11-23,P0001,S001,149,80,5
2024-11-23,P0001,S003,327,38,4
2024-11-23,P0001,S005,199,97,10
2024-11-23,P0001,S007,431,65,3
2024-11-23,P0001,S009,122,79,10
2024-11-23,P0001,S011,486,93,11
2024-11-23,P0001,S013,453,59,3
2024-11-23,P0001,S015,359,33,10
2024-11-23,P0001,S017,113,31,8
2024-11-23,P0004,S001,247,31,12
2024-11-23,P0004,S003,129,51,5
2024-11-23,P0004,S005,111,46,3
2024-11-23,P0004,S007,182,54,9
2024-11-23,P0004,S009,346,68,8
2024-11-23,P0004,S011,43,46,14
2024-11-23,P0004,S013,256,34,3
2024-11-23,P0004,S015,473,31,3
2024-11-23,P0004,S017,194,92,14
2024-11-23,P0007,S001,152,53,7
2024-11-23,P0007,S003,189,89,9
2024-11-23,P0007,S005,146,35,12
2024-11-23,P0007,S007,350,73,8
2024-11-23,P0007,S009,99,80,12
2024-11-23,P0007,S011,234,67,8
2024-11-23,P0007,S013,301,24,8
2024-11-23,P0007,S015,181,43,10
2024-11-23,P0007,S017,202,87,9
2024-11-23,P0010,S001,55,91,5
2024-11-23,P0010,S003,98,27,6
2024-11-23,P0010,S005,463,45,5
2024-11-23,P0010,S007,93,43,5
2024-11-23,P0010,S009,119,86,3
2024-11-23,P0010,S011,261,32,6
2024-11-23,P0010,S013,81,20,14
2024-11-23,P0010,S015,179,20,7
2024-11-23,P0010,S017,413,79,10
2024-11-23,P0013,S001,339,33,8
2024-11-23,P0013,S003,178,31,5
2024-11-23,P0013,S005,32,67,14
2024-11-23,P0013,S007,148,46,5
2024-11-23,P0013,S009,304,41,8
2024-11-23,P0013,S011,249,78,4
2024-11-23,P0013,S013,105,82,10
2024-11-23,P0013,S015,32,96,6
2024-11-23,P0013,S017,54,85,4
2024-11-23,P0016,S001,348,87,14
2024-11-23,P0016,S003,55,51,9
2024-11-23,P0016,S005,463,99,5
2024-11-23,P0016,S007,20,88,6
2024-11-23,P0016,S009,96,41,8
2024-11-23,P0016,S011,335,61,9
2024-11-23,P0016,S013,467,70,5
2024-11-23,P0016,S015,51,40,3
2024-11-23,P0016,S017,402,62,14
2024-11-23,P0019,S001,474,25,10
2024-11-23,P0019,S003,65,91,6
2024-11-23,P0019,S005,17,48,5
2024-11-23,P0019,S007,331,51,6
2024-11-23,P0019,S009,320,31,3
2024-11-23,P0019,S011,83,56,10
2024-11-23,P0019,S013,64,36,9
2024-11-23,P0019,S015,149,67,5
2024-11-23,P0019,S017,235,40,10
2024-11-23,P0022,S001,66,100,4
2024-11-23,P0022,S003,97,98,14
2024-11-23,P0022,S005,31,41,11
2024-11-23,P0022,S007,431,20,14
2024-11-23,P0022,S009,414,46,8
2024-11-23,P0022,S011,347,52,8
2024-11-23,P0022,S013,256,23,5
2024-11-23,P0022,S015,157,24,10
2024-11-23,P0022,S017,284,65,13
2024-11-23,P0025,S001,390,49,13
2024-11-23,P0025,S003,278,43,8
2024-11-23,P0025,S005,97,99,7
2024-11-23,P0025,S007,29,60,12
2024-11-23,P0025,S009,19,93,11
2024-11-23,P0025,S011,97,100,14
2024-11-23,P0025,S013,489,26,8
2024-11-23,P0025,S015,238,35,11
2024-11-23,P0025,S017,360,24,13
2024-11-23,P0028,S001,462,27,11
2024-11-23,P0028,S003,359,70,11
2024-11-23,P0028,S005,443,23,6
2024-11-23,P0028,S007,485,63,11
2024-11-23,P0028,S009,145,69,12
2024-11-23,P0028,S011,479,99,11
2024-11-23,P0028,S013,472,84,7
2024-11-23,P0028,S015,477,42,9
2024-11-23,P0028,S017,16,41,10
2024-11-23,P0031,S001,244,75,12
2024-11-23,P0031,S003,268,45,3
2024-11-23,P0031,S005,302,66,8
2024-11-23,P0031,S007,58,41,12
2024-11-23,P0031,S009,284,32,12
2024-11-23,P0031,S011,86,85,13
2024-11-23,P0031,S013,149,30,5
2024-11-23,P0031,S015,204,48,14
2024-11-23,P0031,S017,284,64,6
2024-11-23,P0034,S001,311,54,7
2024-11-23,P0034,S003,216,41,3
2024-11-23,P0034,S005,392,72,6
2024-11-23,P0034,S007,279,48,8
2024-11-23,P0034,S009,63,58,10
2024-11-23,P0034,S011,328,61,6
2024-11-23,P0034,S013,126,61,14
2024-11-23,P0034,S015,241,28,9
2024-11-23,P0034,S017,142,89,9
2024-11-23,P0037,S001,240,70,12
2024-11-23,P0037,S003,100,80,6
2024-11-23,P0037,S005,28,80,11
2024-11-23,P0037,S007,473,89,5
2024-11-23,P0037,S009,424,49,8
2024-11-23,P0037,S011,37,27,6
2024-11-23,P0037,S013,147,56,9
2024-11-23,P0037,S015,462,58,13
2024-11-23,P0037,S017,111,58,7
2024-11-23,P0040,S001,389,79,9
2024-11-23,P0040,S003,14,99,9
2024-11-23,P0040,S005,353,58,3
2024-11-23,P0040,S007,400,81,10
2024-11-23,P0040,S009,435,99,13
2024-11-23,P0040,S011,282,60,8
2024-11-23,P0040,S013,480,64,3
2024-11-23,P0040,S015,480,46,7
2024-11-23,P0040,S017,251,74,3
2024-11-23,P0043,S001,171,79,11
2024-11-23,P0043,S003,225,77,14
2024-11-23,P0043,S005,417,70,9
2024-11-23,P0043,S007,102,77,6
2024-11-23,P0043,S009,189,20,14
2024-11-23,P0043,S011,144,77,4
2024-11-23,P0043,S013,120,70,11
2024-11-23,P0043,S015,493,70,10
2024-11-23,P0043,S017,139,83,12
2024-11-23,P0046,S001,207,72,10
2024-11-23,P0046,S003,291,40,10
2024-11-23,P0046,S005,272,90,14
2024-11-23,P0046,S007,357,65,14
2024-11-23,P0046,S009,212,25,8
2024-11-23,P0046,S011,66,43,4
2024-11-23,P0046,S013,135,76,8
2024-11-23,P0046,S015,89,98,12
2024-11-23,P0046,S017,280,38,8
2024-11-23,P0049,S001,358,82,11
2024-11-23,P0049,S003,235,22,13
2024-11-23,P0049,S005,274,64,11
2024-11-23,P0049,S007,403,59,4
2024-11-23,P0049,S009,57,44,13
2024-11-23,P0049,S011,48,62,5
2024-11-23,P0049,S013,181,88,14
2024-11-23,P0049,S015,418,40,5
2024-11-23,P0049,S017,170,51,6
2024-11-22,P0001,S001,20,80,9
2024-11-22,P0001,S003,476,24,3
2024-11-22,P0001,S005,441,76,7
2024-11-22,P0001,S007,289,87,6
2024-11-22,P0001,S009,209,25,13
2024-11-22,P0001,S011,303,78,8
2024-11-22,P0001,S013,55,20,13
2024-11-22,P0001,S015,251,57,12
2024-11-22,P0001,S017,18,62,14
2024-11-22,P0004,S001,101,45,13
2024-11-22,P0004,S003,360,91,10
2024-11-22,P0004,S005,492,67,9
2024-11-22,P0004,S007,259,25,3
2024-11-22,P0004,S009,172,92,12
2024-11-22,P0004,S011,106,73,11
2024-11-22,P0004,S013,128,27,11
2024-11-22,P0004,S015,405,71,9
2024-11-22,P0004,S017,457,74,6
2024-11-22,P0007,S001,14,100,6
2024-11-22,P0007,S003,468,93,9
2024-11-22,P0007,S005,202,73,6
2024-11-22,P0007,S007,66,38,6
2024-11-22,P0007,S009,485,74,8
2024-11-22,P0007,S011,105,27,14
2024-11-22,P0007,S013,461,36,7
2024-11-22,P0007,S015,82,27,11
2024-11-22,P0007,S017,244,65,3
2024-11-22,P0010,S001,470,56,8
2024-11-22,P0010,S003,28,91,7
2024-11-22,P0010,S005,186,42,12
2024-11-22,P0010,S007,331,34,11
2024-11-22,P0010,S009,433,88,3
2024-11-22,P0010,S011,121,67,9
2024-11-22,P0010,S013,54,66,14
2024-11-22,P0010,S015,47,97,10
2024-11-22,P0010,S017,231,50,12
2024-11-22,P0013,S001,400,51,11
2024-11-22,P0013,S003,463,92,9
2024-11-22,P0013,S005,177,86,4
2024-11-22,P0013,S007,118,93,7
2024-11-22,P0013,S009,432,50,6
2024-11-22,P0013,S011,125,79,9
2024-11-22,P0013,S013,268,100,6
2024-11-22,P0013,S015,339,96,8
2024-11-22,P0013,S017,260,92,5
2024-11-22,P0016,S001,326,84,3
2024-11-22,P0016,S003,100,83,13
2024-11-22,P0016,S005,352,91,11
2024-11-22,P0016,S007,81,59,11
2024-11-22,P0016,S009,492,97,5
2024-11-22,P0016,S011,250,49,6
2024-11-22,P0016,S013,266,82,12
2024-11-22,P0016,S015,281,62,5
2024-11-22,P0016,S017,186,25,10
2024-11-22,P0019,S001,358,95,14
2024-11-22,P0019,S003,439,93,7
2024-11-22,P0019,S005,407,38,11
2024-11-22,P0019,S007,156,27,7
2024-11-22,P0019,S009,351,41,13
2024-11-22,P0019,S011,390,21,5
2024-11-22,P0019,S013,279,46,9
2024-11-22,P0019,S015,58,100,6
2024-11-22,P0019,S017,49,81,6
2024-11-22,P0022,S001,171,29,9
2024-11-22,P0022,S003,93,94,14
2024-11-22,P0022,S005,419,67,3
2024-11-22,P0022,S007,277,97,7
2024-11-22,P0022,S009,143,24,13
2024-11-22,P0022,S011,35,85,5
2024-11-22,P0022,S013,332,73,4
2024-11-22,P0022,S015,145,75,6
2024-11-22,P0022,S017,161,20,8
2024-11-22,P0025,S001,276,40,8
2024-11-22,P0025,S003,419,98,8
2024-11-22,P0025,S005,425,98,4
2024-11-22,P0025,S007,92,79,14
2024-11-22,P0025,S009,22,33,6
2024-11-22,P0025,S011,330,97,14
2024-11-22,P0025,S013,13,62,7
2024-11-22,P0025,S015,160,23,5
2024-11-22,P0025,S017,428,39,8
2024-11-22,P0028,S001,111,30,5
2024-11-22,P0028,S003,329,76,9
2024-11-22,P0028,S005,447,57,3
2024-11-22,P0028,S007,128,71,9
2024-11-22,P0028,S009,212,82,8
2024-11-22,P0028,S011,57,61,8
2024-11-22,P0028,S013,403,75,14
2024-11-22,P0028,S015,357,21,6
2024-11-22,P0028,S017,222,33,4
2024-11-22,P0031,S001,32,74,10
2024-11-22,P0031,S003,487,99,9
2024-11-22,P0031,S005,139,25,11
2024-11-22,P0031,S007,122,62,14
2024-11-22,P0031,S009,365,25,4
2024-11-22,P0031,S011,273,67,8
2024-11-22,P0031,S013,446,96,6
2024-11-22,P0031,S015,201,28,6
2024-11-22,P0031,S017,37,67,10
2024-11-22,P0034,S001,387,29,9
2024-11-22,P0034,S003,22,67,7
2024-11-22,P0034,S005,240,45,10
2024-11-22,P0034,S007,140,78,8
2024-11-22,P0034,S009,437,24,10
2024-11-22,P0034,S011,244,78,10
2024-11-22,P0034,S013,481,62,14
2024-11-22,P0034,S015,135,46,3
2024-11-22,P0034,S017,218,46,9
2024-11-22,P0037,S001,65,94,3
2024-11-22,P0037,S003,454,66,13
2024-11-22,P0037,S005,84,88,5
2024-11-22,P0037,S007,234,97,10
2024-11-22,P0037,S009,440,58,14
2024-11-22,P0037,S011,84,37,10
2024-11-22,P0037,S013,260,54,14
2024-11-22,P0037,S015,400,78,5
2024-11-22,P0037,S017,498,25,9
2024-11-22,P0040,S001,313,29,7
2024-11-22,P0040,S003,284,71,11
2024-11-22,P0040,S005,196,38,3
2024-11-22,P0040,S007,100,58,6
2024-11-22,P0040,S009,207,82,8
2024-11-22,P0040,S011,302,56,14
2024-11-22,P0040,S013,49,68,7
2024-11-22,P0040,S015,160,23,6
2024-11-22,P0040,S017,93,44,5
2024-11-22,P0043,S001,11,76,4
2024-11-22,P0043,S003,390,34,6
2024-11-22,P0043,S005,275,57,12
2024-11-22,P0043,S007,168,67,6
2024-11-22,P0043,S009,358,57,10
2024-11-22,P0043,S011,208,62,13
2024-11-22,P0043,S013,14,90,5
2024-11-22,P0043,S015,94,94,5
2024-11-22,P0043,S017,78,38,10
2024-11-22,P0046,S001,362,23,13
2024-11-22,P0046,S003,284,82,14
2024-11-22,P0046,S005,185,48,4
2024-11-22,P0046,S007,179,81,9
2024-11-22,P0046,S009,309,42,3
2024-11-22,P0046,S011,331,41,9
2024-11-22,P0046,S013,315,53,11
2024-11-22,P0046,S015,99,62,10
2024-11-22,P0046,S017,425,43,14
2024-11-22,P0049,S001,326,88,11
2024-11-22,P0049,S003,374,93,10
2024-11-22,P0049,S005,51,55,8
2024-11-22,P0049,S007,305,31,13
2024-11-22,P0049,S009,186,58,6
2024-11-22,P0049,S011,73,88,14
2024-11-22,P0049,S013,143,20,5
2024-11-22,P0049,S015,144,29,12
2024-11-22,P0049,S017,201,83,13
2024-11-21,P0001,S001,36,65,13
2024-11-21,P0001,S003,175,20,6
2024-11-21,P0001,S005,15,34,3
2024-11-21,P0001,S007,243,65,7
2024-11-21,P0001,S009,223,69,9
2024-11-21,P0001,S011,361,59,5
2024-11-21,P0001,S013,396,22,9
2024-11-21,P0001,S015,205,42,12
2024-11-21,P0001,S017,500,68,5
2024-11-21,P0004,S001,33,22,12
2024-11-21,P0004,S003,125,90,5
2024-11-21,P0004,S005,449,20,14
2024-11-21,P0004,S007,208,60,10
2024-11-21,P0004,S009,300,74,12
2024-11-21,P0004,S011,369,34,5
2024-11-21,P0004,S013,464,55,14
2024-11-21,P0004,S015,137,59,12
2024-11-21,P0004,S017,71,80,10
2024-11-21,P0007,S001,196,91,14
2024-11-21,P0007,S003,172,97,5
2024-11-21,P0007,S005,376,84,10
2024-11-21,P0007,S007,95,59,12
2024-11-21,P0007,S009,312,63,3
2024-11-21,P0007,S011,229,24,6
2024-11-21,P0007,S013,437,27,7
2024-11-21,P0007,S015,390,52,10
2024-11-21,P0007,S017,122,50,5
2024-11-21,P0010,S001,289,35,3
2024-11-21,P0010,S003,342,82,14
2024-11-21,P0010,S005,246,25,10
2024-11-21,P0010,S007,493,62,11
2024-11-21,P0010,S009,43,33,11
2024-11-21,P0010,S011,147,36,4
2024-11-21,P0010,S013,301,53,8
2024-11-21,P0010,S015,239,43,9
2024-11-21,P0010,S017,420,40,4
2024-11-21,P0013,S001,136,85,12
2024-11-21,P0013,S003,66,86,6
2024-11-21,P0013,S005,164,64,12
2024-11-21,P0013,S007,261,84,3
2024-11-21,P0013,S009,80,33,8
2024-11-21,P0013,S011,308,65,6
2024-11-21,P0013,S013,159,90,9
2024-11-21,P0013,S015,29,97,14
2024-11-21,P0013,S017,127,42,5
2024-11-21,P0016,S001,249,58,3
2024-11-21,P0016,S003,200,84,14
2024-11-21,P0016,S005,338,62,5
2024-11-21,P0016,S007,122,39,13
2024-11-21,P0016,S009,46,66,10
2024-11-21,P0016,S011,17,78,8
2024-11-21,P0016,S013,477,74,7
2024-11-21,P0016,S015,74,72,7
2024-11-21,P0016,S017,423,59,13
2024-11-21,P0019,S001,439,83,10
2024-11-21,P0019,S003,80,31,7
2024-11-21,P0019,S005,437,41,5
2024-11-21,P0019,S007,362,84,7
2024-11-21,P0019,S009,492,42,11
2024-11-21,P0019,S011,195,56,4
2024-11-21,P0019,S013,259,38,4
2024-11-21,P0019,S015,75,66,6
2024-11-21,P0019,S017,271,80,4
2024-11-21,P0022,S001,454,85,3
2024-11-21,P0022,S003,249,91,12
2024-11-21,P0022,S005,204,95,4
2024-11-21,P0022,S007,210,93,13
2024-11-21,P0022,S009,444,40,9
2024-11-21,P0022,S011,92,97,14
2024-11-21,P0022,S013,234,27,7
2024-11-21,P0022,S015,369,98,3
2024-11-21,P0022,S017,280,65,3
2024-11-21,P0025,S001,434,53,10
2024-11-21,P0025,S003,135,39,5
2024-11-21,P0025,S005,247,45,4
2024-11-21,P0025,S007,260,57,12
2024-11-21,P0025,S009,160,78,12
2024-11-21,P0025,S011,199,81,7
2024-11-21,P0025,S013,353,100,4
2024-11-21,P0025,S015,450,40,6
2024-11-21,P0025,S017,16,59,12
2024-11-21,P0028,S001,312,47,6
2024-11-21,P0028,S003,184,52,4
2024-11-21,P0028,S005,218,43,5
2024-11-21,P0028,S007,131,22,11
2024-11-21,P0028,S009,215,90,7
2024-11-21,P0028,S011,146,72,14
2024-11-21,P0028,S013,12,43,8
2024-11-21,P0028,S015,176,35,13
2024-11-21,P0028,S017,315,53,3
2024-11-21,P0031,S001,211,46,3
2024-11-21,P0031,S003,115,30,11
2024-11-21,P0031,S005,282,69,8
2024-11-21,P0031,S007,462,51,9
2024-11-21,P0031,S009,437,90,13
2024-11-21,P0031,S011,399,83,13
2024-11-21,P0031,S013,275,50,3
2024-11-21,P0031,S015,333,63,5
2024-11-21,P0031,S017,250,40,8
2024-11-21,P0034,S001,301,76,8
2024-11-21,P0034,S003,31,42,5
2024-11-21,P0034,S005,74,55,14
2024-11-21,P0034,S007,283,63,12
2024-11-21,P0034,S009,130,65,14
2024-11-21,P0034,S011,112,55,10
2024-11-21,P0034,S013,447,33,3
2024-11-21,P0034,S015,445,35,14
2024-11-21,P0034,S017,488,66,6
2024-11-21,P0037,S001,193,20,11
2024-11-21,P0037,S003,156,35,12
2024-11-21,P0037,S005,495,42,7
2024-11-21,P0037,S007,259,32,13
2024-11-21,P0037,S009,473,77,8
2024-11-21,P0037,S011,477,48,12
2024-11-21,P0037,S013,213,49,11
2024-11-21,P0037,S015,83,74,9
2024-11-21,P0037,S017,470,78,10
2024-11-21,P0040,S001,238,82,10
2024-11-21,P0040,S003,439,32,7
2024-11-21,P0040,S005,267,48,10
2024-11-21,P0040,S007,449,62,8
2024-11-21,P0040,S009,143,22,13
2024-11-21,P0040,S011,299,99,3
2024-11-21,P0040,S013,81,82,14
2024-11-21,P0040,S015,500,23,12
2024-11-21,P0040,S017,37,75,7
2024-11-21,P0043,S001,68,90,5
2024-11-21,P0043,S003,173,73,3
2024-11-21,P0043,S005,416,52,13
2024-11-21,P0043,S007,255,32,5
2024-11-21,P0043,S009,482,24,9
2024-11-21,P0043,S011,331,61,11
2024-11-21,P0043,S013,224,40,5
2024-11-21,P0043,S015,179,51,11
2024-11-21,P0043,S017,173,22,8
2024-11-21,P0046,S001,131,76,5
2024-11-21,P0046,S003,292,90,9
2024-11-21,P0046,S005,32,51,12
2024-11-21,P0046,S007,421,94,14
2024-11-21,P0046,S009,104,65,5
2024-11-21,P0046,S011,239,38,3
2024-11-21,P0046,S013,451,25,10
2024-11-21,P0046,S015,60,58,12
2024-11-21,P0046,S017,232,82,4
2024-11-21,P0049,S001,146,38,13
2024-11-21,P0049,S003,182,43,10
2024-11-21,P0049,S005,413,20,9
2024-11-21,P0049,S007,462,97,3
2024-11-21,P0049,S009,280,70,10
2024-11-21,P0049,S011,213,46,11
2024-11-21,P0049,S013,159,33,11
2024-11-21,P0049,S015,158,69,10
2024-11-21,P0049,S017,172,54,7
2024-11-20,P0001,S001,494,23,9
2024-11-20,P0001,S003,215,92,5
2024-11-20,P0001,S005,423,83,14
2024-11-20,P0001,S007,90,31,5
2024-11-20,P0001,S009,365,41,9
2024-11-20,P0001,S011,377,54,9
2024-11-20,P0001,S013,351,29,13
2024-11-20,P0001,S015,89,25,5
2024-11-20,P0001,S017,47,53,9
2024-11-20,P0004,S001,199,92,14
2024-11-20,P0004,S003,127,23,6
2024-11-20,P0004,S005,306,46,10
2024-11-20,P0004,S007,477,30,9
2024-11-20,P0004,S009,310,32,4
2024-11-20,P0004,S011,414,58,3
2024-11-20,P0004,S013,318,37,4
2024-11-20,P0004,S015,16,78,9
2024-11-20,P0004,S017,135,91,10
2024-11-20,P0007,S001,137,50,8
2024-11-20,P0007,S003,245,27,5
2024-11-20,P0007,S005,329,87,12
2024-11-20,P0007,S007,172,63,3
2024-11-20,P0007,S009,151,27,10
2024-11-20,P0007,S011,127,62,3
2024-11-20,P0007,S013,399,44,5
2024-11-20,P0007,S015,466,90,3
2024-11-20,P0007,S017,139,85,10
2024-11-20,P0010,S001,53,39,5
2024-11-20,P0010,S003,54,66,11
2024-11-20,P0010,S005,106,35,14
2024-11-20,P0010,S007,444,49,8
2024-11-20,P0010,S009,352,100,9
2024-11-20,P0010,S011,262,21,10
2024-11-20,P0010,S013,373,57,8
2024-11-20,P0010,S015,138,49,7
2024-11-20,P0010,S017,394,79,11
2024-11-20,P0013,S001,73,46,8
2024-11-20,P0013,S003,27,32,4
2024-11-20,P0013,S005,244,79,8
2024-11-20,P0013,S007,97,90,9
2024-11-20,P0013,S009,500,38,14
2024-11-20,P0013,S011,36,42,5
2024-11-20,P0013,S013,215,45,9
2024-11-20,P0013,S015,17,35,7
2024-11-20,P0013,S017,426,78,7
2024-11-20,P0016,S001,211,34,4
2024-11-20,P0016,S003,193,34,11
2024-11-20,P0016,S005,47,20,6
2024-11-20,P0016,S007,191,24,13
2024-11-20,P0016,S009,343,91,7
2024-11-20,P0016,S011,196,91,11
2024-11-20,P0016,S013,299,100,14
2024-11-20,P0016,S015,460,98,8
2024-11-20,P0016,S017,131,99,8
2024-11-20,P0019,S001,173,84,4
2024-11-20,P0019,S003,347,75,14
2024-11-20,P0019,S005,384,65,10
2024-11-20,P0019,S007,472,38,6
2024-11-20,P0019,S009,90,76,14
2024-11-20,P0019,S011,58,35,10
2024-11-20,P0019,S013,467,83,8
2024-11-20,P0019,S015,121,60,10
2024-11-20,P0019,S017,93,97,6
2024-11-20,P0022,S001,140,58,8
2024-11-20,P0022,S003,209,47,12
2024-11-20,P0022,S005,478,50,4
2024-11-20,P0022,S007,298,44,14
2024-11-20,P0022,S009,200,50,12
2024-11-20,P0022,S011,493,94,5
2024-11-20,P0022,S013,325,35,11
2024-11-20,P0022,S015,165,30,14
2024-11-20,P0022,S017,88,26,12
2024-11-20,P0025,S001,463,58,13
2024-11-20,P0025,S003,321,20,12
2024-11-20,P0025,S005,176,82,8
2024-11-20,P0025,S007,477,38,12
2024-11-20,P0025,S009,344,24,3
2024-11-20,P0025,S011,354,76,5
2024-11-20,P0025,S013,234,52,14
2024-11-20,P0025,S015,310,41,14
2024-11-20,P0025,S017,449,27,10
2024-11-20,P0028,S001,124,70,12
2024-11-20,P0028,S003,499,55,10
2024-11-20,P0028,S005,69,47,4
2024-11-20,P0028,S007,239,98,8
2024-11-20,P0028,S009,84,37,12
2024-11-20,P0028,S011,167,20,5
2024-11-20,P0028,S013,186,88,7
2024-11-20,P0028,S015,40,28,7
2024-11-20,P0028,S017,318,63,8
2024-11-20,P0031,S001,152,27,6
2024-11-20,P0031,S003,282,21,7
2024-11-20,P0031,S005,200,69,14
2024-11-20,P0031,S007,18,62,12
2024-11-20,P0031,S009,273,97,7
2024-11-20,P0031,S011,470,72,10
2024-11-20,P0031,S013,466,38,11
2024-11-20,P0031,S015,271,27,9
2024-11-20,P0031,S017,267,93,7
2024-11-20,P0034,S001,191,94,6
2024-11-20,P0034,S003,478,75,12
2024-11-20,P0034,S005,383,82,5
2024-11-20,P0034,S007,402,20,4
2024-11-20,P0034,S009,72,96,10
2024-11-20,P0034,S011,246,71,10
2024-11-20,P0034,S013,353,98,9
2024-11-20,P0034,S015,453,44,3
2024-11-20,P0034,S017,492,40,8
2024-11-20,P0037,S001,85,59,13
2024-11-20,P0037,S003,398,24,14
2024-11-20,P0037,S005,300,56,6
2024-11-20,P0037,S007,36,89,4
2024-11-20,P0037,S009,30,29,3
2024-11-20,P0037,S011,388,46,8
2024-11-20,P0037,S013,122,49,10
2024-11-20,P0037,S015,256,31,7
2024-11-20,P0037,S017,23,67,12
2024-11-20,P0040,S001,187,91,12
2024-11-20,P0040,S003,241,22,8
2024-11-20,P0040,S005,230,85,12
2024-11-20,P0040,S007,145,79,12
2024-11-20,P0040,S009,387,51,9
2024-11-20,P0040,S011,447,86,7
2024-11-20,P0040,S013,463,92,12
2024-11-20,P0040,S015,392,58,14
2024-11-20,P0040,S017,260,30,5
2024-11-20,P0043,S001,13,82,8
2024-11-20,P0043,S003,205,68,9
2024-11-20,P0043,S005,468,78,9
2024-11-20,P0043,S007,217,38,11
2024-11-20,P0043,S009,112,75,8
2024-11-20,P0043,S011,58,99,14
2024-11-20,P0043,S013,136,40,5
2024-11-20,P0043,S015,483,82,9
2024-11-20,P0043,S017,393,56,10
2024-11-20,P0046,S001,457,82,4
2024-11-20,P0046,S003,26,83,10
2024-11-20,P0046,S005,405,40,10
2024-11-20,P0046,S007,378,94,7
2024-11-20,P0046,S009,497,66,14
2024-11-20,P0046,S011,116,26,13
2024-11-20,P0046,S013,225,30,3
2024-11-20,P0046,S015,281,74,9
2024-11-20,P0046,S017,216,93,14
2024-11-20,P0049,S001,315,66,4
2024-11-20,P0049,S003,460,97,6
2024-11-20,P0049,S005,365,79,12
2024-11-20,P0049,S007,328,21,7
2024-11-20,P0049,S009,248,56,11
2024-11-20,P0049,S011,102,60,7
2024-11-20,P0049,S013,309,45,4
2024-11-20,P0049,S015,380,78,3
2024-11-20,P0049,S017,98,71,5
2024-11-19,P0001,S001,111,89,12
2024-11-19,P0001,S003,482,83,5
2024-11-19,P0001,S005,491,75,3
2024-11-19,P0001,S007,130,29,4
2024-11-19,P0001,S009,411,27,5
2024-11-19,P0001,S011,412,39,3
2024-11-19,P0001,S013,436,85,13
2024-11-19,P0001,S015,115,82,9
2024-11-19,P0001,S017,211,92,5
2024-11-19,P0004,S001,419,99,7
2024-11-19,P0004,S003,148,82,13
2024-11-19,P0004,S005,224,87,3
2024-11-19,P0004,S007,77,43,5
2024-11-19,P0004,S009,128,30,6
2024-11-19,P0004,S011,227,35,13
2024-11-19,P0004,S013,24,34,3
2024-11-19,P0004,S015,417,30,4
2024-11-19,P0004,S017,422,38,3
2024-11-19,P0007,S001,196,40,9
2024-11-19,P0007,S003,128,39,4
2024-11-19,P0007,S005,26,64,9
2024-11-19,P0007,S007,277,41,10
2024-11-19,P0007,S009,280,57,13
2024-11-19,P0007,S011,450,81,7
2024-11-19,P0007,S013,229,81,7
2024-11-19,P0007,S015,466,97,9
2024-11-19,P0007,S017,33,65,10
2024-11-19,P0010,S001,135,54,11
2024-11-19,P0010,S003,467,86,14
2024-11-19,P0010,S005,168,23,4
2024-11-19,P0010,S007,45,35,7
2024-11-19,P0010,S009,141,68,11
2024-11-19,P0010,S011,157,21,5
2024-11-19,P0010,S013,343,43,3
2024-11-19,P0010,S015,27,76,6
2024-11-19,P0010,S017,218,65,12
2024-11-19,P0013,S001,198,66,8
2024-11-19,P0013,S003,252,50,10
2024-11-19,P0013,S005,365,30,11
2024-11-19,P0013,S007,110,25,10
2024-11-19,P0013,S009,82,25,14
2024-11-19,P0013,S011,151,87,6
2024-11-19,P0013,S013,311,27,13
2024-11-19,P0013,S015,259,53,5
2024-11-19,P0013,S017,500,55,3
2024-11-19,P0016,S001,110,23,11
2024-11-19,P0016,S003,405,71,6
2024-11-19,P0016,S005,413,40,7
2024-11-19,P0016,S007,159,48,13
2024-11-19,P0016,S009,124,49,8
2024-11-19,P0016,S011,369,78,9
2024-11-19,P0016,S013,496,82,9
2024-11-19,P0016,S015,228,65,7
2024-11-19,P0016,S017,116,34,14
2024-11-19,P0019,S001,150,68,6
2024-11-19,P0019,S003,400,50,3
2024-11-19,P0019,S005,287,68,11
2024-11-19,P0019,S007,340,99,8
2024-11-19,P0019,S009,96,33,10
2024-11-19,P0019,S011,259,37,6
2024-11-19,P0019,S013,71,43,3
2024-11-19,P0019,S015,148,95,12
2024-11-19,P0019,S017,396,37,6
2024-11-19,P0022,S001,344,35,13
2024-11-19,P0022,S003,458,32,11
2024-11-19,P0022,S005,41,91,12
2024-11-19,P0022,S007,374,80,8
2024-11-19,P0022,S009,200,34,12
2024-11-19,P0022,S011,298,81,8
2024-11-19,P0022,S013,293,87,5
2024-11-19,P0022,S015,418,87,3
2024-11-19,P0022,S017,176,73,8
2024-11-19,P0025,S001,95,58,4
2024-11-19,P0025,S003,220,94,5
2024-11-19,P0025,S005,235,67,13
2024-11-19,P0025,S007,239,85,13
2024-11-19,P0025,S009,75,54,3
2024-11-19,P0025,S011,186,79,4
2024-11-19,P0025,S013,38,58,13
2024-11-19,P0025,S015,186,38,9
2024-11-19,P0025,S017,304,22,7
2024-11-19,P0028,S001,151,30,10
2024-11-19,P0028,S003,143,29,7
2024-11-19,P0028,S005,302,28,6
2024-11-19,P0028,S007,193,60,6
2024-11-19,P0028,S009,327,58,6
2024-11-19,P0028,S011,483,91,11
2024-11-19,P0028,S013,262,81,11
2024-11-19,P0028,S015,321,53,5
2024-11-19,P0028,S017,21,29,6
2024-11-19,P0031,S001,278,69,7
2024-11-19,P0031,S003,374,45,12
2024-11-19,P0031,S005,37,70,11
2024-11-19,P0031,S007,75,85,11
2024-11-19,P0031,S009,124,57,8
2024-11-19,P0031,S011,387,51,8
2024-11-19,P0031,S013,139,29,8
2024-11-19,P0031,S015,229,84,7
2024-11-19,P0031,S017,378,31,11
2024-11-19,P0034,S001,317,82,8
2024-11-19,P0034,S003,119,72,8
2024-11-19,P0034,S005,38,49,5
2024-11-19,P0034,S007,469,79,9
2024-11-19,P0034,S009,404,58,12
2024-11-19,P0034,S011,111,94,9
2024-11-19,P0034,S013,206,46,6
2024-11-19,P0034,S015,80,49,14
2024-11-19,P0034,S017,287,41,13
2024-11-19,P0037,S001,34,46,14
2024-11-19,P0037,S003,147,28,3
2024-11-19,P0037,S005,477,64,11
2024-11-19,P0037,S007,139,48,11
2024-11-19,P0037,S009,117,53,10
2024-11-19,P0037,S011,368,99,12
2024-11-19,P0037,S013,447,83,4
2024-11-19,P0037,S015,203,66,6
2024-11-19,P0037,S017,48,49,12
2024-11-19,P0040,S001,438,86,12
2024-11-19,P0040,S003,41,24,13
2024-11-19,P0040,S005,351,88,9
2024-11-19,P0040,S007,390,48,6
2024-11-19,P0040,S009,223,88,12
2024-11-19,P0040,S011,415,23,7
2024-11-19,P0040,S013,390,21,3
2024-11-19,P0040,S015,64,70,5
2024-11-19,P0040,S017,308,82,4
2024-11-19,P0043,S001,160,68,3
2024-11-19,P0043,S003,485,83,4
2024-11-19,P0043,S005,494,72,10
2024-11-19,P0043,S007,500,91,8
2024-11-19,P0043,S009,280,27,4
2024-11-19,P0043,S011,152,26,5
2024-11-19,P0043,S013,168,65,14
2024-11-19,P0043,S015,451,38,6
2024-11-19,P0043,S017,293,64,5
2024-11-19,P0046,S001,351,86,11
2024-11-19,P0046,S003,187,86,13
2024-11-19,P0046,S005,186,55,9
2024-11-19,P0046,S007,191,52,4
2024-11-19,P0046,S009,205,76,11
2024-11-19,P0046,S011,296,21,6
2024-11-19,P0046,S013,20,38,12
2024-11-19,P0046,S015,162,95,7
2024-11-19,P0046,S017,204,68,11
2024-11-19,P0049,S001,258,34,8
2024-11-19,P0049,S003,116,59,13
2024-11-19,P0049,S005,95,64,4
2024-11-19,P0049,S007,317,87,14
2024-11-19,P0049,S009,200,31,3
2024-11-19,P0049,S011,500,48,9
2024-11-19,P0049,S013,362,51,7
2024-11-19,P0049,S015,81,63,7
2024-11-19,P0049,S017,380,77,14
2024-11-18,P0001,S001,301,22,8
2024-11-18,P0001,S003,429,65,3
2024-11-18,P0001,S005,91,20,13
2024-11-18,P0001,S007,144,68,7
2024-11-18,P0001,S009,346,61,10
2024-11-18,P0001,S011,469,36,13
2024-11-18,P0001,S013,352,90,12
2024-11-18,P0001,S015,390,100,10
2024-11-18,P0001,S017,67,73,14
2024-11-18,P0004,S001,495,96,8
2024-11-18,P0004,S003,450,26,6
2024-11-18,P0004,S005,391,88,10
2024-11-18,P0004,S007,410,57,8
2024-11-18,P0004,S009,222,48,6
2024-11-18,P0004,S011,385,23,9
2024-11-18,P0004,S013,112,58,10
2024-11-18,P0004,S015,42,32,9
2024-11-18,P0004,S017,280,31,12
2024-11-18,P0007,S001,124,79,3
2024-11-18,P0007,S003,229,39,8
2024-11-18,P0007,S005,349,94,4
2024-11-18,P0007,S007,224,77,4
2024-11-18,P0007,S009,414,30,3
2024-11-18,P0007,S011,455,29,8
2024-11-18,P0007,S013,50,83,14
2024-11-18,P0007,S015,400,53,7
2024-11-18,P0007,S017,65,23,7
2024-11-18,P0010,S001,110,69,5
2024-11-18,P0010,S003,379,58,13
2024-11-18,P0010,S005,66,72,10
2024-11-18,P0010,S007,177,40,7
2024-11-18,P0010,S009,139,32,7
2024-11-18,P0010,S011,370,90,6
2024-11-18,P0010,S013,288,50,5
2024-11-18,P0010,S015,86,92,6
2024-11-18,P0010,S017,229,43,13
2024-11-18,P0013,S001,62,20,10
2024-11-18,P0013,S003,212,33,5
2024-11-18,P0013,S005,178,38,12
2024-11-18,P0013,S007,177,63,4
2024-11-18,P0013,S009,94,48,13
2024-11-18,P0013,S011,40,48,4
2024-11-18,P0013,S013,86,56,6
2024-11-18,P0013,S015,450,73,5
2024-11-18,P0013,S017,265,84,11
2024-11-18,P0016,S001,363,30,8
2024-11-18,P0016,S003,253,84,5
2024-11-18,P0016,S005,13,25,11
2024-11-18,P0016,S007,149,44,13
2024-11-18,P0016,S009,167,55,8
2024-11-18,P0016,S011,410,21,11
2024-11-18,P0016,S013,77,73,13
2024-11-18,P0016,S015,346,47,8
2024-11-18,P0016,S017,399,34,14
2024-11-18,P0019,S001,430,34,8
2024-11-18,P0019,S003,471,30,4
2024-11-18,P0019,S005,113,47,9
2024-11-18,P0019,S007,366,36,3
2024-11-18,P0019,S009,41,64,5
2024-11-18,P0019,S011,117,68,13
2024-11-18,P0019,S013,189,31,5
2024-11-18,P0019,S015,309,48,8
2024-11-18,P0019,S017,14,25,11
2024-11-18,P0022,S001,330,72,5
2024-11-18,P0022,S003,194,47,3
2024-11-18,P0022,S005,390,21,11
2024-11-18,P0022,S007,365,34,4
2024-11-18,P0022,S009,153,29,12
2024-11-18,P0022,S011,297,42,8
2024-11-18,P0022,S013,350,60,5
2024-11-18,P0022,S015,160,79,10
2024-11-18,P0022,S017,58,83,14
2024-11-18,P0025,S001,121,87,7
2024-11-18,P0025,S003,49,61,10
2024-11-18,P0025,S005,113,85,5
2024-11-18,P0025,S007,330,33,7
2024-11-18,P0025,S009,276,40,3
2024-11-18,P0025,S011,112,59,8
2024-11-18,P0025,S013,408,94,5
2024-11-18,P0025,S015,355,53,12
2024-11-18,P0025,S017,465,75,11
2024-11-18,P0028,S001,454,68,13
2024-11-18,P0028,S003,227,38,5
2024-11-18,P0028,S005,224,79,3
2024-11-18,P0028,S007,297,40,9
2024-11-18,P0028,S009,391,98,6
2024-11-18,P0028,S011,272,72,14
2024-11-18,P0028,S013,485,45,8
2024-11-18,P0028,S015,139,59,3
2024-11-18,P0028,S017,424,28,10
2024-11-18,P0031,S001,203,38,14
2024-11-18,P0031,S003,39,49,5
2024-11-18,P0031,S005,339,90,8
2024-11-18,P0031,S007,262,55,8
2024-11-18,P0031,S009,279,70,12
2024-11-18,P0031,S011,219,28,9
2024-11-18,P0031,S013,461,72,8
2024-11-18,P0031,S015,45,94,11
2024-11-18,P0031,S017,294,94,14
2024-11-18,P0034,S001,239,52,13
2024-11-18,P0034,S003,151,27,3
2024-11-18,P0034,S005,367,57,14
2024-11-18,P0034,S007,461,56,14
2024-11-18,P0034,S009,301,59,11
2024-11-18,P0034,S011,195,92,9
2024-11-18,P0034,S013,115,87,6
2024-11-18,P0034,S015,91,51,3
2024-11-18,P0034,S017,297,91,3
2024-11-18,P0037,S001,361,94,11
2024-11-18,P0037,S003,138,82,5
2024-11-18,P0037,S005,262,21,14
2024-11-18,P0037,S007,467,75,6
2024-11-18,P0037,S009,59,43,4
2024-11-18,P0037,S011,93,46,12
2024-11-18,P0037,S013,467,80,10
2024-11-18,P0037,S015,482,66,4
2024-11-18,P0037,S017,363,50,3
2024-11-18,P0040,S001,441,45,12
2024-11-18,P0040,S003,85,34,7
2024-11-18,P0040,S005,120,85,10
2024-11-18,P0040,S007,127,39,8
2024-11-18,P0040,S009,34,91,6
2024-11-18,P0040,S011,199,52,5
2024-11-18,P0040,S013,357,47,13
2024-11-18,P0040,S015,202,87,10
2024-11-18,P0040,S017,67,26,9
2024-11-18,P0043,S001,287,67,13
2024-11-18,P0043,S003,373,33,9
2024-11-18,P0043,S005,356,71,3
2024-11-18,P0043,S007,426,96,5
2024-11-18,P0043,S009,398,58,4
2024-11-18,P0043,S011,443,75,11
2024-11-18,P0043,S013,478,23,8
2024-11-18,P0043,S015,409,53,3
2024-11-18,P0043,S017,408,49,12
2024-11-18,P0046,S001,10,72,4
2024-11-18,P0046,S003,486,45,4
2024-11-18,P0046,S005,484,68,10
2024-11-18,P0046,S007,479,44,12
2024-11-18,P0046,S009,153,71,5
2024-11-18,P0046,S011,489,66,5
2024-11-18,P0046,S013,429,28,4
2024-11-18,P0046,S015,350,77,4
2024-11-18,P0046,S017,107,98,7
2024-11-18,P0049,S001,295,92,14
2024-11-18,P0049,S003,397,81,14
2024-11-18,P0049,S005,120,87,12
2024-11-18,P0049,S007,54,78,9
2024-11-18,P0049,S009,485,35,14
2024-11-18,P0049,S011,204,92,3
2024-11-18,P0049,S013,263,22,3
2024-11-18,P0049,S015,287,57,14
2024-11-18,P0049,S017,48,65,11
2024-11-17,P0001,S001,123,34,3
2024-11-17,P0001,S003,422,80,9
2024-11-17,P0001,S005,419,92,10
2024-11-17,P0001,S007,156,98,12
2024-11-17,P0001,S009,219,68,14
2024-11-17,P0001,S011,448,36,11
2024-11-17,P0001,S013,101,57,9
2024-11-17,P0001,S015,204,52,6
2024-11-17,P0001,S017,97,73,5
2024-11-17,P0004,S001,380,47,4
2024-11-17,P0004,S003,202,26,13
2024-11-17,P0004,S005,107,99,9
2024-11-17,P0004,S007,101,35,14
2024-11-17,P0004,S009,187,99,10
2024-11-17,P0004,S011,286,62,7
2024-11-17,P0004,S013,404,47,9
2024-11-17,P0004,S015,171,37,12
2024-11-17,P0004,S017,274,33,4
2024-11-17,P0007,S001,83,72,7
2024-11-17,P0007,S003,272,67,3
2024-11-17,P0007,S005,352,62,14
2024-11-17,P0007,S007,345,48,8
2024-11-17,P0007,S009,93,93,11
2024-11-17,P0007,S011,475,92,3
2024-11-17,P0007,S013,321,50,3
2024-11-17,P0007,S015,343,60,13
2024-11-17,P0007,S017,327,42,14
2024-11-17,P0010,S001,194,31,7
2024-11-17,P0010,S003,452,92,9
2024-11-17,P0010,S005,185,67,13
2024-11-17,P0010,S007,250,84,10
2024-11-17,P0010,S009,410,47,6
2024-11-17,P0010,S011,370,62,11
2024-11-17,P0010,S013,254,98,12
2024-11-17,P0010,S015,193,89,12
2024-11-17,P0010,S017,488,79,14
2024-11-17,P0013,S001,291,49,13
2024-11-17,P0013,S003,254,92,5
2024-11-17,P0013,S005,353,99,9
2024-11-17,P0013,S007,278,50,10
2024-11-17,P0013,S009,194,98,14
2024-11-17,P0013,S011,13,71,13
2024-11-17,P0013,S013,358,50,10
2024-11-17,P0013,S015,204,53,11
2024-11-17,P0013,S017,432,48,10
2024-11-17,P0016,S001,363,76,10
2024-11-17,P0016,S003,82,87,13
2024-11-17,P0016,S005,93,95,14
2024-11-17,P0016,S007,104,33,5
2024-11-17,P0016,S009,112,89,14
2024-11-17,P0016,S011,481,98,6
2024-11-17,P0016,S013,430,92,5
2024-11-17,P0016,S015,36,64,10
2024-11-17,P0016,S017,330,42,4
2024-11-17,P0019,S001,27,55,9
2024-11-17,P0019,S003,322,92,12
2024-11-17,P0019,S005,172,64,13
2024-11-17,P0019,S007,308,85,8
2024-11-17,P0019,S009,465,58,14
2024-11-17,P0019,S011,301,48,7
2024-11-17,P0019,S013,377,50,3
2024-11-17,P0019,S015,59,53,13
2024-11-17,P0019,S017,49,32,12
2024-11-17,P0022,S001,36,82,9
2024-11-17,P0022,S003,484,69,3
2024-11-17,P0022,S005,33,56,3
2024-11-17,P0022,S007,364,24,10
2024-11-17,P0022,S009,127,70,10
2024-11-17,P0022,S011,50,75,7
2024-11-17,P0022,S013,232,30,12
2024-11-17,P0022,S015,245,77,5
2024-11-17,P0022,S017,249,20,14
2024-11-17,P0025,S001,342,32,10
2024-11-17,P0025,S003,36,64,5
2024-11-17,P0025,S005,124,78,9
2024-11-17,P0025,S007,168,67,6
2024-11-17,P0025,S009,26,33,8
2024-11-17,P0025,S011,349,91,7
2024-11-17,P0025,S013,289,81,9
2024-11-17,P0025,S015,128,61,11
2024-11-17,P0025,S017,42,50,7
2024-11-17,P0028,S001,335,73,9
2024-11-17,P0028,S003,398,67,11
2024-11-17,P0028,S005,24,99,8
2024-11-17,P0028,S007,121,93,6
2024-11-17,P0028,S009,259,88,5
2024-11-17,P0028,S011,241,26,7
2024-11-17,P0028,S013,104,46,8
2024-11-17,P0028,S015,81,53,10
2024-11-17,P0028,S017,382,24,13
2024-11-17,P0031,S001,315,99,14
2024-11-17,P0031,S003,260,92,13
2024-11-17,P0031,S005,173,89,10
2024-11-17,P0031,S007,406,93,8
2024-11-17,P0031,S009,378,28,9
2024-11-17,P0031,S011,239,70,6
2024-11-17,P0031,S013,78,51,14
2024-11-17,P0031,S015,180,66,6
2024-11-17,P0031,S017,420,61,12
2024-11-17,P0034,S001,386,96,7
2024-11-17,P0034,S003,411,21,8
2024-11-17,P0034,S005,342,66,3
2024-11-17,P0034,S007,360,44,4
2024-11-17,P0034,S009,38,72,12
2024-11-17,P0034,S011,414,65,7
2024-11-17,P0034,S013,377,78,12
2024-11-17,P0034,S015,158,66,4
2024-11-17,P0034,S017,190,63,8
2024-11-17,P0037,S001,155,60,9
2024-11-17,P0037,S003,212,67,13
2024-11-17,P0037,S005,222,23,7
2024-11-17,P0037,S007,96,45,14
2024-11-17,P0037,S009,374,66,6
2024-11-17,P0037,S011,228,25,4
2024-11-17,P0037,S013,276,34,9
2024-11-17,P0037,S015,375,59,5
2024-11-17,P0037,S017,223,79,14
2024-11-17,P0040,S001,96,58,4
2024-11-17,P0040,S003,420,80,5
2024-11-17,P0040,S005,42,59,3
2024-11-17,P0040,S007,314,32,5
2024-11-17,P0040,S009,355,84,7
2024-11-17,P0040,S011,154,42,7
2024-11-17,P0040,S013,478,21,5
2024-11-17,P0040,S015,33,92,10
2024-11-17,P0040,S017,163,96,9
2024-11-17,P0043,S001,127,59,13
2024-11-17,P0043,S003,25,95,7
2024-11-17,P0043,S005,96,40,10
2024-11-17,P0043,S007,187,82,12
2024-11-17,P0043,S009,489,65,13
2024-11-17,P0043,S011,59,97,13
2024-11-17,P0043,S013,52,65,9
2024-11-17,P0043,S015,210,97,3
2024-11-17,P0043,S017,376,84,7
2024-11-17,P0046,S001,169,21,11
2024-11-17,P0046,S003,353,84,10
2024-11-17,P0046,S005,330,91,12
2024-11-17,P0046,S007,201,91,12
2024-11-17,P0046,S009,270,28,4
2024-11-17,P0046,S011,77,84,7
2024-11-17,P0046,S013,36,79,13
2024-11-17,P0046,S015,261,69,3
2024-11-17,P0046,S017,220,28,6
2024-11-17,P0049,S001,380,76,8
2024-11-17,P0049,S003,451,92,7
2024-11-17,P0049,S005,374,67,8
2024-11-17,P0049,S007,401,67,12
2024-11-17,P0049,S009,388,34,14
2024-11-17,P0049,S011,86,23,11
2024-11-17,P0049,S013,352,89,4
2024-11-17,P0049,S015,478,48,9
2024-11-17,P0049,S017,335,29,9
2024-11-16,P0001,S001,433,96,10
2024-11-16,P0001,S003,191,81,5
2024-11-16,P0001,S005,130,41,7
2024-11-16,P0001,S007,104,20,14
2024-11-16,P0001,S009,12,49,13
2024-11-16,P0001,S011,420,59,12
2024-11-16,P0001,S013,139,29,12
2024-11-16,P0001,S015,312,54,5
2024-11-16,P0001,S017,146,32,7
2024-11-16,P0004,S001,47,30,12
2024-11-16,P0004,S003,225,56,10
2024-11-16,P0004,S005,356,91,12
2024-11-16,P0004,S007,190,25,9
2024-11-16,P0004,S009,468,82,9
2024-11-16,P0004,S011,359,75,12
2024-11-16,P0004,S013,341,74,13
2024-11-16,P0004,S015,32,36,8
2024-11-16,P0004,S017,110,20,14
2024-11-16,P0007,S001,86,77,5
2024-11-16,P0007,S003,142,61,13
2024-11-16,P0007,S005,127,78,10
2024-11-16,P0007,S007,491,67,5
2024-11-16,P0007,S009,446,55,13
2024-11-16,P0007,S011,418,53,7
2024-11-16,P0007,S013,430,67,7
2024-11-16,P0007,S015,111,42,11
2024-11-16,P0007,S017,331,44,9
2024-11-16,P0010,S001,14,33,3
2024-11-16,P0010,S003,72,64,8
2024-11-16,P0010,S005,225,56,14
2024-11-16,P0010,S007,331,39,4
2024-11-16,P0010,S009,254,65,10
2024-11-16,P0010,S011,469,75,6
2024-11-16,P0010,S013,241,44,5
2024-11-16,P0010,S015,306,50,4
2024-11-16,P0010,S017,382,68,5
2024-11-16,P0013,S001,406,35,6
2024-11-16,P0013,S003,145,72,9
2024-11-16,P0013,S005,306,64,8
2024-11-16,P0013,S007,138,90,12
2024-11-16,P0013,S009,107,49,6
2024-11-16,P0013,S011,342,67,13
2024-11-16,P0013,S013,412,85,12
2024-11-16,P0013,S015,363,77,3
2024-11-16,P0013,S017,194,57,8
2024-11-16,P0016,S001,481,72,6
2024-11-16,P0016,S003,477,67,9
2024-11-16,P0016,S005,467,55,5
2024-11-16,P0016,S007,17,23,7
2024-11-16,P0016,S009,157,94,4
2024-11-16,P0016,S011,104,98,9
2024-11-16,P0016,S013,343,66,8
2024-11-16,P0016,S015,14,78,12
2024-11-16,P0016,S017,499,38,3
2024-11-16,P0019,S001,214,70,11
2024-11-16,P0019,S003,470,99,8
2024-11-16,P0019,S005,399,37,9
2024-11-16,P0019,S007,479,50,11
2024-11-16,P0019,S009,61,44,4
2024-11-16,P0019,S011,150,41,14
2024-11-16,P0019,S013,173,32,4
2024-11-16,P0019,S015,252,39,5
2024-11-16,P0019,S017,172,73,11
2024-11-16,P0022,S001,190,72,8
2024-11-16,P0022,S003,478,73,9
2024-11-16,P0022,S005,287,45,8
2024-11-16,P0022,S007,471,83,4
2024-11-16,P0022,S009,475,26,4
2024-11-16,P0022,S011,346,40,8
2024-11-16,P0022,S013,450,45,10
2024-11-16,P0022,S015,20,86,7
2024-11-16,P0022,S017,53,35,7
2024-11-16,P0025,S001,330,72,13
2024-11-16,P0025,S003,69,49,4
2024-11-16,P0025,S005,274,76,13
2024-11-16,P0025,S007,20,71,12
2024-11-16,P0025,S009,176,74,7
2024-11-16,P0025,S011,137,97,5
2024-11-16,P0025,S013,272,20,5
2024-11-16,P0025,S015,424,25,5
2024-11-16,P0025,S017,54,70,3
2024-11-16,P0028,S001,95,21,14
2024-11-16,P0028,S003,176,76,4
2024-11-16,P0028,S005,225,85,5
2024-11-16,P0028,S007,116,62,7
2024-11-16,P0028,S009,495,26,13
2024-11-16,P0028,S011,106,36,13
2024-11-16,P0028,S013,314,58,4
2024-11-16,P0028,S015,230,53,3
2024-11-16,P0028,S017,305,37,12
2024-11-16,P0031,S001,295,95,8
2024-11-16,P0031,S003,219,58,8
2024-11-16,P0031,S005,20,84,8
2024-11-16,P0031,S007,109,56,13
2024-11-16,P0031,S009,311,93,10
2024-11-16,P0031,S011,265,49,4
2024-11-16,P0031,S013,489,56,5
2024-11-16,P0031,S015,338,50,6
2024-11-16,P0031,S017,157,32,10
2024-11-16,P0034,S001,43,34,14
2024-11-16,P0034,S003,224,44,10
2024-11-16,P0034,S005,334,24,9
2024-11-16,P0034,S007,209,96,6
2024-11-16,P0034,S009,422,92,4
2024-11-16,P0034,S011,417,21,10
2024-11-16,P0034,S013,203,78,14
2024-11-16,P0034,S015,295,30,8
2024-11-16,P0034,S017,50,91,4
2024-11-16,P0037,S001,102,82,9
2024-11-16,P0037,S003,266,41,3
2024-11-16,P0037,S005,68,49,10
2024-11-16,P0037,S007,112,42,5
2024-11-16,P0037,S009,404,97,13
2024-11-16,P0037,S011,33,90,12
2024-11-16,P0037,S013,342,98,11
2024-11-16,P0037,S015,81,80,9
2024-11-16,P0037,S017,303,60,6
2024-11-16,P0040,S001,424,20,7
2024-11-16,P0040,S003,498,60,9
2024-11-16,P0040,S005,135,28,10
2024-11-16,P0040,S007,197,36,14
2024-11-16,P0040,S009,16,29,11
2024-11-16,P0040,S011,93,60,12
2024-11-16,P0040,S013,416,36,9
2024-11-16,P0040,S015,418,83,8
2024-11-16,P0040,S017,99,79,14
2024-11-16,P0043,S001,167,37,9
2024-11-16,P0043,S003,372,70,11
2024-11-16,P0043,S005,14,34,7
2024-11-16,P0043,S007,275,63,3
2024-11-16,P0043,S009,121,50,4
2024-11-16,P0043,S011,393,70,14
2024-11-16,P0043,S013,65,20,5
2024-11-16,P0043,S015,446,36,3
2024-11-16,P0043,S017,145,88,9
2024-11-16,P0046,S001,13,45,12
2024-11-16,P0046,S003,487,39,5
2024-11-16,P0046,S005,355,81,12
2024-11-16,P0046,S007,27,72,13
2024-11-16,P0046,S009,51,48,7
2024-11-16,P0046,S011,316,91,8
2024-11-16,P0046,S013,309,98,5
2024-11-16,P0046,S015,201,57,6
2024-11-16,P0046,S017,54,22,5
2024-11-16,P0049,S001,428,26,14
2024-11-16,P0049,S003,360,26,5
2024-11-16,P0049,S005,334,36,9
2024-11-16,P0049,S007,378,62,12
2024-11-16,P0049,S009,466,62,13
2024-11-16,P0049,S011,201,61,13
2024-11-16,P0049,S013,486,37,12
2024-11-16,P0049,S015,233,55,5
2024-11-16,P0049,S017,391,65,10
2024-11-15,P0001,S001,75,51,7
2024-11-15,P0001,S003,194,55,10
2024-11-15,P0001,S005,151,63,13
2024-11-15,P0001,S007,75,84,5
2024-11-15,P0001,S009,223,83,3
2024-11-15,P0001,S011,372,85,11
2024-11-15,P0001,S013,439,62,5
2024-11-15,P0001,S015,192,44,14
2024-11-15,P0001,S017,238,80,5
2024-11-15,P0004,S001,158,65,11
2024-11-15,P0004,S003,266,34,6
2024-11-15,P0004,S005,198,68,8
2024-11-15,P0004,S007,51,52,14
2024-11-15,P0004,S009,201,53,6
2024-11-15,P0004,S011,475,97,3
2024-11-15,P0004,S013,91,31,3
2024-11-15,P0004,S015,473,78,7
2024-11-15,P0004,S017,90,89,14
2024-11-15,P0007,S001,74,35,11
2024-11-15,P0007,S003,298,21,8
2024-11-15,P0007,S005,207,90,12
2024-11-15,P0007,S007,407,38,9
2024-11-15,P0007,S009,197,72,3
2024-11-15,P0007,S011,284,67,5
2024-11-15,P0007,S013,127,94,12
2024-11-15,P0007,S015,104,33,14
2024-11-15,P0007,S017,372,41,14
2024-11-15,P0010,S001,195,64,11
2024-11-15,P0010,S003,500,26,9
2024-11-15,P0010,S005,87,84,14
2024-11-15,P0010,S007,175,29,11
2024-11-15,P0010,S009,64,72,12
2024-11-15,P0010,S011,351,87,14
2024-11-15,P0010,S013,476,100,11
2024-11-15,P0010,S015,466,87,9
2024-11-15,P0010,S017,175,32,4
2024-11-15,P0013,S001,311,33,14
2024-11-15,P0013,S003,143,22,11
2024-11-15,P0013,S005,475,91,5
2024-11-15,P0013,S007,451,49,13
2024-11-15,P0013,S009,440,73,8
2024-11-15,P0013,S011,162,75,14
2024-11-15,P0013,S013,190,86,7
2024-11-15,P0013,S015,320,100,12
2024-11-15,P0013,S017,486,87,6
2024-11-15,P0016,S001,132,100,13
2024-11-15,P0016,S003,194,62,8
2024-11-15,P0016,S005,333,95,7
2024-11-15,P0016,S007,355,76,6
2024-11-15,P0016,S009,87,33,5
2024-11-15,P0016,S011,67,36,7
2024-11-15,P0016,S013,40,65,11
2024-11-15,P0016,S015,227,91,8
2024-11-15,P0016,S017,326,56,8
2024-11-15,P0019,S001,394,20,8
2024-11-15,P0019,S003,86,78,11
2024-11-15,P0019,S005,54,21,14
2024-11-15,P0019,S007,67,91,6
2024-11-15,P0019,S009,274,60,13
2024-11-15,P0019,S011,452,38,4
2024-11-15,P0019,S013,431,22,8
2024-11-15,P0019,S015,162,56,4
2024-11-15,P0019,S017,153,33,13
2024-11-15,P0022,S001,148,93,10
2024-11-15,P0022,S003,153,59,14
2024-11-15,P0022,S005,406,47,8
2024-11-15,P0022,S007,131,26,13
2024-11-15,P0022,S009,59,77,4
2024-11-15,P0022,S011,385,32,6
2024-11-15,P0022,S013,114,32,11
2024-11-15,P0022,S015,448,20,9
2024-11-15,P0022,S017,420,82,10
2024-11-15,P0025,S001,243,94,3
2024-11-15,P0025,S003,493,48,11
2024-11-15,P0025,S005,51,78,11
2024-11-15,P0025,S007,485,76,13
2024-11-15,P0025,S009,217,98,6
2024-11-15,P0025,S011,77,73,13
2024-11-15,P0025,S013,411,42,4
2024-11-15,P0025,S015,13,73,9
2024-11-15,P0025,S017,361,70,9
2024-11-15,P0028,S001,459,60,7
2024-11-15,P0028,S003,188,77,9
2024-11-15,P0028,S005,298,34,5
2024-11-15,P0028,S007,134,23,10
2024-11-15,P0028,S009,387,33,8
2024-11-15,P0028,S011,252,98,5
2024-11-15,P0028,S013,272,83,3
2024-11-15,P0028,S015,91,72,8
2024-11-15,P0028,S017,30,38,9
2024-11-15,P0031,S001,226,74,13
2024-11-15,P0031,S003,60,90,9
2024-11-15,P0031,S005,185,79,4
2024-11-15,P0031,S007,425,99,3
2024-11-15,P0031,S009,250,72,4
2024-11-15,P0031,S011,267,45,6
2024-11-15,P0031,S013,303,54,11
2024-11-15,P0031,S015,438,84,5
2024-11-15,P0031,S017,185,66,10
2024-11-15,P0034,S001,146,24,4
2024-11-15,P0034,S003,418,33,14
2024-11-15,P0034,S005,186,76,14
2024-11-15,P0034,S007,185,61,3
2024-11-15,P0034,S009,261,53,14
2024-11-15,P0034,S011,478,75,12
2024-11-15,P0034,S013,228,99,12
2024-11-15,P0034,S015,253,99,14
2024-11-15,P0034,S017,454,51,4
2024-11-15,P0037,S001,433,38,9
2024-11-15,P0037,S003,488,76,8
2024-11-15,P0037,S005,491,58,11
2024-11-15,P0037,S007,409,97,11
2024-11-15,P0037,S009,386,48,5
2024-11-15,P0037,S011,355,98,3
2024-11-15,P0037,S013,31,61,7
2024-11-15,P0037,S015,485,85,6
2024-11-15,P0037,S017,157,36,3
2024-11-15,P0040,S001,191,51,10
2024-11-15,P0040,S003,295,77,6
2024-11-15,P0040,S005,404,21,7
2024-11-15,P0040,S007,379,31,8
2024-11-15,P0040,S009,307,85,4
2024-11-15,P0040,S011,201,99,14
2024-11-15,P0040,S013,333,96,6
2024-11-15,P0040,S015,379,87,10
2024-11-15,P0040,S017,312,44,5
2024-11-15,P0043,S001,478,60,6
2024-11-15,P0043,S003,464,60,3
2024-11-15,P0043,S005,175,24,9
2024-11-15,P0043,S007,378,26,10
2024-11-15,P0043,S009,337,55,10
2024-11-15,P0043,S011,297,92,3
2024-11-15,P0043,S013,14,84,7
2024-11-15,P0043,S015,276,63,6
2024-11-15,P0043,S017,214,91,13
2024-11-15,P0046,S001,340,89,6
2024-11-15,P0046,S003,436,21,11
2024-11-15,P0046,S005,95,97,3
2024-11-15,P0046,S007,149,74,9
2024-11-15,P0046,S009,107,99,7
2024-11-15,P0046,S011,189,44,11
2024-11-15,P0046,S013,125,80,12
2024-11-15,P0046,S015,210,40,12
2024-11-15,P0046,S017,72,24,10
2024-11-15,P0049,S001,16,97,6
2024-11-15,P0049,S003,363,67,4
2024-11-15,P0049,S005,68,22,12
2024-11-15,P0049,S007,460,45,14
2024-11-15,P0049,S009,500,32,3
2024-11-15,P0049,S011,316,61,3
2024-11-15,P0049,S013,339,61,5
2024-11-15,P0049,S015,452,23,3
2024-11-15,P0049,S017,246,89,13
2024-11-14,P0001,S001,289,46,5
2024-11-14,P0001,S003,329,61,3
2024-11-14,P0001,S005,82,32,9
2024-11-14,P0001,S007,94,29,5
2024-11-14,P0001,S009,77,81,4
2024-11-14,P0001,S011,399,86,9
2024-11-14,P0001,S013,223,48,8
2024-11-14,P0001,S015,464,82,5
2024-11-14,P0001,S017,263,24,11
2024-11-14,P0004,S001,437,47,11
2024-11-14,P0004,S003,427,57,7
2024-11-14,P0004,S005,297,90,11
2024-11-14,P0004,S007,201,65,6
2024-11-14,P0004,S009,141,40,14
2024-11-14,P0004,S011,10,30,13
2024-11-14,P0004,S013,410,47,8
2024-11-14,P0004,S015,360,54,4
2024-11-14,P0004,S017,16,78,7
2024-11-14,P0007,S001,83,57,10
2024-11-14,P0007,S003,153,30,8
2024-11-14,P0007,S005,255,78,10
2024-11-14,P0007,S007,218,25,7
2024-11-14,P0007,S009,443,86,10
2024-11-14,P0007,S011,141,98,13
2024-11-14,P0007,S013,144,93,14
2024-11-14,P0007,S015,128,78,11
2024-11-14,P0007,S017,15,95,10
2024-11-14,P0010,S001,434,20,14
2024-11-14,P0010,S003,245,60,9
2024-11-14,P0010,S005,399,30,13
2024-11-14,P0010,S007,74,68,11
2024-11-14,P0010,S009,137,49,13
2024-11-14,P0010,S011,203,43,12
2024-11-14,P0010,S013,235,80,6
2024-11-14,P0010,S015,92,96,4
2024-11-14,P0010,S017,372,71,4
2024-11-14,P0013,S001,29,85,8
2024-11-14,P0013,S003,226,93,13
2024-11-14,P0013,S005,91,43,3
2024-11-14,P0013,S007,247,71,14
2024-11-14,P0013,S009,387,33,12
2024-11-14,P0013,S011,407,21,7
2024-11-14,P0013,S013,99,50,14
2024-11-14,P0013,S015,422,53,12
2024-11-14,P0013,S017,79,98,13
2024-11-14,P0016,S001,18,47,9
2024-11-14,P0016,S003,30,61,9
2024-11-14,P0016,S005,390,56,5
2024-11-14,P0016,S007,73,47,3
2024-11-14,P0016,S009,181,21,11
2024-11-14,P0016,S011,500,40,13
2024-11-14,P0016,S013,173,97,10
2024-11-14,P0016,S015,35,43,8
2024-11-14,P0016,S017,221,93,5
2024-11-14,P0019,S001,17,90,7
2024-11-14,P0019,S003,357,81,10
2024-11-14,P0019,S005,42,68,6
2024-11-14,P0019,S007,438,70,13
2024-11-14,P0019,S009,382,59,5
2024-11-14,P0019,S011,23,62,6
2024-11-14,P0019,S013,69,88,10
2024-11-14,P0019,S015,489,100,6
2024-11-14,P0019,S017,128,95,14
2024-11-14,P0022,S001,206,92,10
2024-11-14,P0022,S003,46,47,14
2024-11-14,P0022,S005,19,57,6
2024-11-14,P0022,S007,206,77,4
2024-11-14,P0022,S009,165,46,14
2024-11-14,P0022,S011,327,100,4
2024-11-14,P0022,S013,84,99,4
2024-11-14,P0022,S015,244,33,8
2024-11-14,P0022,S017,216,59,10
2024-11-14,P0025,S001,235,55,6
2024-11-14,P0025,S003,262,59,10
2024-11-14,P0025,S005,420,55,9
2024-11-14,P0025,S007,282,22,5
2024-11-14,P0025,S009,396,64,13
2024-11-14,P0025,S011,235,40,3
2024-11-14,P0025,S013,390,86,12
2024-11-14,P0025,S015,415,83,5
2024-11-14,P0025,S017,122,24,11
2024-11-14,P0028,S001,274,25,4
2024-11-14,P0028,S003,121,93,13
2024-11-14,P0028,S005,68,70,7
2024-11-14,P0028,S007,323,21,11
2024-11-14,P0028,S009,213,89,10
2024-11-14,P0028,S011,87,84,6
2024-11-14,P0028,S013,453,28,6
2024-11-14,P0028,S015,397,39,3
2024-11-14,P0028,S017,79,39,14
2024-11-14,P0031,S001,36,22,6
2024-11-14,P0031,S003,484,67,7
2024-11-14,P0031,S005,488,95,8
2024-11-14,P0031,S007,301,25,10
2024-11-14,P0031,S009,458,58,3
2024-11-14,P0031,S011,351,95,4
2024-11-14,P0031,S013,35,61,4
2024-11-14,P0031,S015,370,78,9
2024-11-14,P0031,S017,465,85,13
2024-11-14,P0034,S001,386,39,11
2024-11-14,P0034,S003,21,48,14
2024-11-14,P0034,S005,443,86,8
2024-11-14,P0034,S007,135,51,6
2024-11-14,P0034,S009,197,98,9
2024-11-14,P0034,S011,339,60,6
2024-11-14,P0034,S013,340,49,5
2024-11-14,P0034,S015,462,96,12
2024-11-14,P0034,S017,21,70,7
2024-11-14,P0037,S001,344,69,13
2024-11-14,P0037,S003,400,63,13
2024-11-14,P0037,S005,186,58,9
2024-11-14,P0037,S007,303,81,8
2024-11-14,P0037,S009,238,84,8
2024-11-14,P0037,S011,261,36,11
2024-11-14,P0037,S013,230,54,7
2024-11-14,P0037,S015,45,25,9
2024-11-14,P0037,S017,258,79,5
2024-11-14,P0040,S001,59,23,10
2024-11-14,P0040,S003,266,44,4
2024-11-14,P0040,S005,489,78,12
2024-11-14,P0040,S007,196,32,10
2024-11-14,P0040,S009,40,77,7
2024-11-14,P0040,S011,399,84,9
2024-11-14,P0040,S013,139,100,12
2024-11-14,P0040,S015,311,39,14
2024-11-14,P0040,S017,356,34,3
2024-11-14,P0043,S001,492,71,9
2024-11-14,P0043,S003,225,35,5
2024-11-14,P0043,S005,114,99,14
2024-11-14,P0043,S007,303,81,3
2024-11-14,P0043,S009,68,50,11
2024-11-14,P0043,S011,326,55,4
2024-11-14,P0043,S013,24,63,5
2024-11-14,P0043,S015,50,53,13
2024-11-14,P0043,S017,29,40,9
2024-11-14,P0046,S001,23,24,7
2024-11-14,P0046,S003,467,43,11
2024-11-14,P0046,S005,40,34,8
2024-11-14,P0046,S007,314,60,10
2024-11-14,P0046,S009,157,67,11
2024-11-14,P0046,S011,412,69,12
2024-11-14,P0046,S013,84,39,11
2024-11-14,P0046,S015,34,75,10
2024-11-14,P0046,S017,115,36,10
2024-11-14,P0049,S001,172,30,5
2024-11-14,P0049,S003,109,88,14
2024-11-14,P0049,S005,338,77,6
2024-11-14,P0049,S007,202,90,4
2024-11-14,P0049,S009,308,99,12
2024-11-14,P0049,S011,367,54,14
2024-11-14,P0049,S013,384,64,11
2024-11-14,P0049,S015,399,54,13
2024-11-14,P0049,S017,163,20,14
2024-11-13,P0001,S001,45,74,10
2024-11-13,P0001,S003,500,88,13
2024-11-13,P0001,S005,460,71,3
2024-11-13,P0001,S007,458,22,9
2024-11-13,P0001,S009,102,93,13
2024-11-13,P0001,S011,409,80,4
2024-11-13,P0001,S013,346,46,8
2024-11-13,P0001,S015,277,97,7
2024-11-13,P0001,S017,36,52,14
2024-11-13,P0004,S001,463,75,12
2024-11-13,P0004,S003,129,52,14
2024-11-13,P0004,S005,183,66,4
2024-11-13,P0004,S007,372,61,9
2024-11-13,P0004,S009,126,41,8
2024-11-13,P0004,S011,162,27,13
2024-11-13,P0004,S013,107,79,4
2024-11-13,P0004,S015,282,80,10
2024-11-13,P0004,S017,474,48,11
2024-11-13,P0007,S001,144,52,12
2024-11-13,P0007,S003,370,72,7
2024-11-13,P0007,S005,447,78,13
2024-11-13,P0007,S007,260,34,9
2024-11-13,P0007,S009,136,86,13
2024-11-13,P0007,S011,58,92,3
2024-11-13,P0007,S013,10,97,6
2024-11-13,P0007,S015,333,42,10
2024-11-13,P0007,S017,178,33,3
2024-11-13,P0010,S001,290,95,12
2024-11-13,P0010,S003,241,60,14
2024-11-13,P0010,S005,413,96,10
2024-11-13,P0010,S007,430,60,5
2024-11-13,P0010,S009,418,37,11
2024-11-13,P0010,S011,280,91,5
2024-11-13,P0010,S013,327,30,12
2024-11-13,P0010,S015,276,74,9
2024-11-13,P0010,S017,451,88,7
2024-11-13,P0013,S001,165,23,6
2024-11-13,P0013,S003,174,60,4
2024-11-13,P0013,S005,176,51,12
2024-11-13,P0013,S007,55,69,11
2024-11-13,P0013,S009,434,34,7
2024-11-13,P0013,S011,54,64,12
2024-11-13,P0013,S013,381,58,7
2024-11-13,P0013,S015,451,48,10
2024-11-13,P0013,S017,160,100,12
2024-11-13,P0016,S001,469,22,11
2024-11-13,P0016,S003,262,53,6
2024-11-13,P0016,S005,147,29,12
2024-11-13,P0016,S007,310,97,8
2024-11-13,P0016,S009,476,87,12
2024-11-13,P0016,S011,385,95,4
2024-11-13,P0016,S013,461,54,7
2024-11-13,P0016,S015,233,79,6
2024-11-13,P0016,S017,470,89,11
2024-11-13,P0019,S001,205,37,10
2024-11-13,P0019,S003,153,36,12
2024-11-13,P0019,S005,434,60,3
2024-11-13,P0019,S007,83,44,6
2024-11-13,P0019,S009,325,83,7
2024-11-13,P0019,S011,394,87,14
2024-11-13,P0019,S013,407,22,10
2024-11-13,P0019,S015,104,35,7
2024-11-13,P0019,S017,88,96,6
2024-11-13,P0022,S001,338,86,8
2024-11-13,P0022,S003,47,88,3
2024-11-13,P0022,S005,188,47,4
2024-11-13,P0022,S007,29,39,5
2024-11-13,P0022,S009,409,80,13
2024-11-13,P0022,S011,437,43,6
2024-11-13,P0022,S013,17,51,12
2024-11-13,P0022,S015,28,44,14
2024-11-13,P0022,S017,448,48,4
2024-11-13,P0025,S001,62,47,4
2024-11-13,P0025,S003,59,68,5
2024-11-13,P0025,S005,190,40,10
2024-11-13,P0025,S007,125,34,5
2024-11-13,P0025,S009,287,58,13
2024-11-13,P0025,S011,150,39,6
2024-11-13,P0025,S013,259,60,4
2024-11-13,P0025,S015,149,56,4
2024-11-13,P0025,S017,269,64,6
2024-11-13,P0028,S001,61,60,3
2024-11-13,P0028,S003,159,39,8
2024-11-13,P0028,S005,100,80,3
2024-11-13,P0028,S007,328,41,9
2024-11-13,P0028,S009,231,87,10
2024-11-13,P0028,S011,417,46,6
2024-11-13,P0028,S013,484,28,7
2024-11-13,P0028,S015,280,37,14
2024-11-13,P0028,S017,82,48,11
2024-11-13,P0031,S001,468,32,5
2024-11-13,P0031,S003,478,62,11
2024-11-13,P0031,S005,107,80,3
2024-11-13,P0031,S007,313,34,11
2024-11-13,P0031,S009,161,93,13
2024-11-13,P0031,S011,148,99,7
2024-11-13,P0031,S013,98,91,14
2024-11-13,P0031,S015,416,50,4
2024-11-13,P0031,S017,93,64,10
2024-11-13,P0034,S001,72,77,9
2024-11-13,P0034,S003,262,88,8
2024-11-13,P0034,S005,61,38,12
2024-11-13,P0034,S007,399,39,4
2024-11-13,P0034,S009,307,73,11
2024-11-13,P0034,S011,274,64,5
2024-11-13,P0034,S013,296,90,13
2024-11-13,P0034,S015,95,53,10
2024-11-13,P0034,S017,181,45,3
2024-11-13,P0037,S001,81,86,3
2024-11-13,P0037,S003,229,52,5
2024-11-13,P0037,S005,141,94,7
2024-11-13,P0037,S007,453,72,5
2024-11-13,P0037,S009,195,33,6
2024-11-13,P0037,S011,314,83,8
2024-11-13,P0037,S013,11,95,10
2024-11-13,P0037,S015,438,33,5
2024-11-13,P0037,S017,67,77,8
2024-11-13,P0040,S001,298,22,10
2024-11-13,P0040,S003,364,60,3
2024-11-13,P0040,S005,52,78,3
2024-11-13,P0040,S007,199,31,11
2024-11-13,P0040,S009,312,47,5
2024-11-13,P0040,S011,50,89,3
2024-11-13,P0040,S013,247,54,7
2024-11-13,P0040,S015,69,94,12
2024-11-13,P0040,S017,468,76,10
2024-11-13,P0043,S001,459,59,5
2024-11-13,P0043,S003,468,30,11
2024-11-13,P0043,S005,192,88,3
2024-11-13,P0043,S007,374,75,4
2024-11-13,P0043,S009,463,93,9
2024-11-13,P0043,S011,398,42,14
2024-11-13,P0043,S013,292,62,4
2024-11-13,P0043,S015,160,25,8
2024-11-13,P0043,S017,163,51,9
2024-11-13,P0046,S001,311,59,7
2024-11-13,P0046,S003,462,44,10
2024-11-13,P0046,S005,42,39,8
2024-11-13,P0046,S007,370,77,11
2024-11-13,P0046,S009,145,85,12
2024-11-13,P0046,S011,378,71,7
2024-11-13,P0046,S013,357,75,8
2024-11-13,P0046,S015,232,39,4
2024-11-13,P0046,S017,102,77,3
2024-11-13,P0049,S001,129,39,5
2024-11-13,P0049,S003,172,45,7
2024-11-13,P0049,S005,255,25,12
2024-11-13,P0049,S007,49,80,11
2024-11-13,P0049,S009,221,67,14
2024-11-13,P0049,S011,440,69,6
2024-11-13,P0049,S013,52,49,6
2024-11-13,P0049,S015,385,45,9
2024-11-13,P0049,S017,21,75,11
2024-11-12,P0001,S001,326,76,9
2024-11-12,P0001,S003,308,85,7
2024-11-12,P0001,S005,497,62,10
2024-11-12,P0001,S007,94,100,9
2024-11-12,P0001,S009,201,68,3
2024-11-12,P0001,S011,107,82,12
2024-11-12,P0001,S013,396,68,8
2024-11-12,P0001,S015,402,26,14
2024-11-12,P0001,S017,180,42,11
2024-11-12,P0004,S001,29,95,12
2024-11-12,P0004,S003,167,58,4
2024-11-12,P0004,S005,64,45,4
2024-11-12,P0004,S007,72,67,5
2024-11-12,P0004,S009,475,62,14
2024-11-12,P0004,S011,302,79,12
2024-11-12,P0004,S013,134,98,11
2024-11-12,P0004,S015,386,93,5
2024-11-12,P0004,S017,134,38,14
2024-11-12,P0007,S001,252,66,14
2024-11-12,P0007,S003,462,43,5
2024-11-12,P0007,S005,182,92,14
2024-11-12,P0007,S007,212,81,10
2024-11-12,P0007,S009,142,81,10
2024-11-12,P0007,S011,29,65,11
2024-11-12,P0007,S013,363,23,4
2024-11-12,P0007,S015,16,85,10
2024-11-12,P0007,S017,394,87,6
2024-11-12,P0010,S001,284,35,7
2024-11-12,P0010,S003,460,88,13
2024-11-12,P0010,S005,252,66,6
2024-11-12,P0010,S007,322,69,10
2024-11-12,P0010,S009,12,21,12
2024-11-12,P0010,S011,320,62,6
2024-11-12,P0010,S013,308,67,11
2024-11-12,P0010,S015,276,73,6
2024-11-12,P0010,S017,315,50,14
2024-11-12,P0013,S001,133,47,10
2024-11-12,P0013,S003,21,20,14
2024-11-12,P0013,S005,112,39,10
2024-11-12,P0013,S007,116,89,14
2024-11-12,P0013,S009,98,64,13
2024-11-12,P0013,S011,387,74,12
2024-11-12,P0013,S013,468,41,13
2024-11-12,P0013,S015,447,63,14
2024-11-12,P0013,S017,498,61,4
2024-11-12,P0016,S001,35,86,10
2024-11-12,P0016,S003,250,57,14
2024-11-12,P0016,S005,37,100,8
2024-11-12,P0016,S007,74,66,14
2024-11-12,P0016,S009,30,26,8
2024-11-12,P0016,S011,243,20,12
2024-11-12,P0016,S013,330,73,10
2024-11-12,P0016,S015,472,34,6
2024-11-12,P0016,S017,300,39,14
2024-11-12,P0019,S001,335,79,14
2024-11-12,P0019,S003,497,65,6
2024-11-12,P0019,S005,157,97,3
2024-11-12,P0019,S007,22,94,8
2024-11-12,P0019,S009,106,68,7
2024-11-12,P0019,S011,228,56,4
2024-11-12,P0019,S013,419,92,12
2024-11-12,P0019,S015,495,38,9
2024-11-12,P0019,S017,188,40,8
2024-11-12,P0022,S001,192,91,12
2024-11-12,P0022,S003,320,59,3
2024-11-12,P0022,S005,291,90,14
2024-11-12,P0022,S007,11,71,8
2024-11-12,P0022,S009,454,92,9
2024-11-12,P0022,S011,108,78,3
2024-11-12,P0022,S013,96,31,7
2024-11-12,P0022,S015,87,91,6
2024-11-12,P0022,S017,382,31,7
2024-11-12,P0025,S001,292,99,6
2024-11-12,P0025,S003,149,85,8
2024-11-12,P0025,S005,197,48,4
2024-11-12,P0025,S007,230,54,6
2024-11-12,P0025,S009,147,34,13
2024-11-12,P0025,S011,164,70,11
2024-11-12,P0025,S013,117,92,3
2024-11-12,P0025,S015,194,29,12
2024-11-12,P0025,S017,241,70,6
2024-11-12,P0028,S001,99,98,10
2024-11-12,P0028,S003,208,44,9
2024-11-12,P0028,S005,160,85,9
2024-11-12,P0028,S007,65,96,9
2024-11-12,P0028,S009,135,57,13
2024-11-12,P0028,S011,356,36,11
2024-11-12,P0028,S013,273,92,11
2024-11-12,P0028,S015,414,90,5
2024-11-12,P0028,S017,59,53,13
2024-11-12,P0031,S001,237,30,8
2024-11-12,P0031,S003,407,93,10
2024-11-12,P0031,S005,108,51,6
2024-11-12,P0031,S007,320,26,3
2024-11-12,P0031,S009,139,80,14
2024-11-12,P0031,S011,83,49,5
2024-11-12,P0031,S013,469,38,14
2024-11-12,P0031,S015,100,61,12
2024-11-12,P0031,S017,127,60,10
2024-11-12,P0034,S001,264,90,4
2024-11-12,P0034,S003,138,32,6
2024-11-12,P0034,S005,90,96,6
2024-11-12,P0034,S007,438,36,5
2024-11-12,P0034,S009,319,22,11
2024-11-12,P0034,S011,85,79,8
2024-11-12,P0034,S013,323,80,13
2024-11-12,P0034,S015,290,51,8
2024-11-12,P0034,S017,81,67,8
2024-11-12,P0037,S001,203,47,6
2024-11-12,P0037,S003,249,73,10
2024-11-12,P0037,S005,339,50,12
2024-11-12,P0037,S007,217,80,5
2024-11-12,P0037,S009,231,88,7
2024-11-12,P0037,S011,204,60,13
2024-11-12,P0037,S013,375,98,4
2024-11-12,P0037,S015,266,95,8
2024-11-12,P0037,S017,99,68,5
2024-11-12,P0040,S001,203,69,14
2024-11-12,P0040,S003,187,38,11
2024-11-12,P0040,S005,425,27,13
2024-11-12,P0040,S007,308,89,5
2024-11-12,P0040,S009,61,28,13
2024-11-12,P0040,S011,108,62,12
2024-11-12,P0040,S013,81,52,9
2024-11-12,P0040,S015,347,67,12
2024-11-12,P0040,S017,173,62,13
2024-11-12,P0043,S001,317,63,14
2024-11-12,P0043,S003,145,36,3
2024-11-12,P0043,S005,92,61,9
2024-11-12,P0043,S007,19,99,10
2024-11-12,P0043,S009,495,26,13
2024-11-12,P0043,S011,349,35,4
2024-11-12,P0043,S013,281,77,5
2024-11-12,P0043,S015,234,64,5
2024-11-12,P0043,S017,56,72,8
2024-11-12,P0046,S001,273,47,7
2024-11-12,P0046,S003,79,28,12
2024-11-12,P0046,S005,60,60,4
2024-11-12,P0046,S007,249,25,12
2024-11-12,P0046,S009,30,93,13
2024-11-12,P0046,S011,470,48,4
2024-11-12,P0046,S013,386,71,3
2024-11-12,P0046,S015,477,37,12
2024-11-12,P0046,S017,53,93,7
2024-11-12,P0049,S001,44,51,6
2024-11-12,P0049,S003,247,85,5
2024-11-12,P0049,S005,192,69,3
2024-11-12,P0049,S007,173,61,7
2024-11-12,P0049,S009,35,87,3
2024-11-12,P0049,S011,50,61,7
2024-11-12,P0049,S013,322,87,5
2024-11-12,P0049,S015,353,91,14
2024-11-12,P0049,S017,91,45,11
2024-11-11,P0001,S001,375,35,3
2024-11-11,P0001,S003,357,92,11
2024-11-11,P0001,S005,430,74,14
2024-11-11,P0001,S007,379,61,4
2024-11-11,P0001,S009,46,42,5
2024-11-11,P0001,S011,284,51,5
2024-11-11,P0001,S013,251,36,10
2024-11-11,P0001,S015,188,85,11
2024-11-11,P0001,S017,225,77,10
2024-11-11,P0004,S001,436,100,13
2024-11-11,P0004,S003,386,95,9
2024-11-11,P0004,S005,120,98,13
2024-11-11,P0004,S007,53,31,10
2024-11-11,P0004,S009,29,69,14
2024-11-11,P0004,S011,158,62,4
2024-11-11,P0004,S013,193,26,12
2024-11-11,P0004,S015,380,38,11
2024-11-11,P0004,S017,381,34,8
2024-11-11,P0007,S001,187,62,5
2024-11-11,P0007,S003,426,64,13
2024-11-11,P0007,S005,337,89,4
2024-11-11,P0007,S007,421,44,4
2024-11-11,P0007,S009,277,99,10
2024-11-11,P0007,S011,177,40,6
2024-11-11,P0007,S013,331,92,13
2024-11-11,P0007,S015,214,33,6
2024-11-11,P0007,S017,425,66,12
2024-11-11,P0010,S001,25,36,11
2024-11-11,P0010,S003,440,55,4
2024-11-11,P0010,S005,198,31,13
2024-11-11,P0010,S007,479,25,13
2024-11-11,P0010,S009,160,45,14
2024-11-11,P0010,S011,99,63,4
2024-11-11,P0010,S013,105,37,5
2024-11-11,P0010,S015,241,98,14
2024-11-11,P0010,S017,480,39,14
2024-11-11,P0013,S001,152,37,14
2024-11-11,P0013,S003,469,20,14
2024-11-11,P0013,S005,153,21,6
2024-11-11,P0013,S007,213,48,7
2024-11-11,P0013,S009,143,63,8
2024-11-11,P0013,S011,327,29,5
2024-11-11,P0013,S013,188,52,3
2024-11-11,P0013,S015,275,56,7
2024-11-11,P0013,S017,176,31,5
2024-11-11,P0016,S001,258,69,7
2024-11-11,P0016,S003,448,71,12
2024-11-11,P0016,S005,174,54,3
2024-11-11,P0016,S007,444,46,5
2024-11-11,P0016,S009,267,65,12
2024-11-11,P0016,S011,90,91,7
2024-11-11,P0016,S013,412,27,13
2024-11-11,P0016,S015,391,40,5
2024-11-11,P0016,S017,17,61,5
2024-11-11,P0019,S001,472,26,9
2024-11-11,P0019,S003,55,24,9
2024-11-11,P0019,S005,400,49,10
2024-11-11,P0019,S007,454,92,4
2024-11-11,P0019,S009,150,28,8
2024-11-11,P0019,S011,24,62,9
2024-11-11,P0019,S013,456,91,3
2024-11-11,P0019,S015,211,95,6
2024-11-11,P0019,S017,471,22,7
2024-11-11,P0022,S001,256,78,13
2024-11-11,P0022,S003,224,36,3
2024-11-11,P0022,S005,94,78,14
2024-11-11,P0022,S007,362,54,12
2024-11-11,P0022,S009,19,41,9
2024-11-11,P0022,S011,53,73,7
2024-11-11,P0022,S013,51,20,7
2024-11-11,P0022,S015,380,87,5
2024-11-11,P0022,S017,436,65,14
2024-11-11,P0025,S001,123,98,11
2024-11-11,P0025,S003,360,40,4
2024-11-11,P0025,S005,432,66,3
2024-11-11,P0025,S007,48,34,8
2024-11-11,P0025,S009,422,68,14
2024-11-11,P0025,S011,425,21,4
2024-11-11,P0025,S013,190,52,7
2024-11-11,P0025,S015,391,37,3
2024-11-11,P0025,S017,450,95,7
2024-11-11,P0028,S001,415,21,12
2024-11-11,P0028,S003,376,49,7
2024-11-11,P0028,S005,296,33,13
2024-11-11,P0028,S007,384,57,4
2024-11-11,P0028,S009,92,32,3
2024-11-11,P0028,S011,433,86,11
2024-11-11,P0028,S013,250,73,7
2024-11-11,P0028,S015,260,69,3
2024-11-11,P0028,S017,428,89,10
2024-11-11,P0031,S001,420,69,9
2024-11-11,P0031,S003,392,91,14
2024-11-11,P0031,S005,364,44,11
2024-11-11,P0031,S007,413,58,13
2024-11-11,P0031,S009,62,63,5
2024-11-11,P0031,S011,258,91,5
2024-11-11,P0031,S013,369,83,12
2024-11-11,P0031,S015,374,81,4
2024-11-11,P0031,S017,118,72,8
2024-11-11,P0034,S001,158,39,3
2024-11-11,P0034,S003,114,41,11
2024-11-11,P0034,S005,442,96,4
2024-11-11,P0034,S007,261,61,8
2024-11-11,P0034,S009,403,88,14
2024-11-11,P0034,S011,438,74,10
2024-11-11,P0034,S013,220,89,11
2024-11-11,P0034,S015,11,30,8
2024-11-11,P0034,S017,144,86,13
2024-11-11,P0037,S001,368,91,7
2024-11-11,P0037,S003,68,70,11
2024-11-11,P0037,S005,128,85,6
2024-11-11,P0037,S007,32,57,13
2024-11-11,P0037,S009,47,81,6
2024-11-11,P0037,S011,371,29,5
2024-11-11,P0037,S013,79,95,7
2024-11-11,P0037,S015,272,54,8
2024-11-11,P0037,S017,324,64,9
2024-11-11,P0040,S001,234,97,7
2024-11-11,P0040,S003,45,73,13
2024-11-11,P0040,S005,446,45,4
2024-11-11,P0040,S007,297,34,13
2024-11-11,P0040,S009,407,58,9
2024-11-11,P0040,S011,55,87,13
2024-11-11,P0040,S013,127,33,13
2024-11-11,P0040,S015,279,77,14
2024-11-11,P0040,S017,440,53,3
2024-11-11,P0043,S001,34,47,10
2024-11-11,P0043,S003,26,60,3
2024-11-11,P0043,S005,432,26,6
2024-11-11,P0043,S007,288,85,12
2024-11-11,P0043,S009,50,44,4
2024-11-11,P0043,S011,317,86,14
2024-11-11,P0043,S013,35,40,9
2024-11-11,P0043,S015,373,45,14
2024-11-11,P0043,S017,286,67,7
2024-11-11,P0046,S001,269,38,6
2024-11-11,P0046,S003,393,77,12
2024-11-11,P0046,S005,351,61,13
2024-11-11,P0046,S007,48,89,11
2024-11-11,P0046,S009,313,37,14
2024-11-11,P0046,S011,75,85,11
2024-11-11,P0046,S013,257,23,11
2024-11-11,P0046,S015,45,85,5
2024-11-11,P0046,S017,363,90,9
2024-11-11,P0049,S001,221,80,8
2024-11-11,P0049,S003,310,90,4
2024-11-11,P0049,S005,258,44,4
2024-11-11,P0049,S007,304,74,10
2024-11-11,P0049,S009,188,72,3
2024-11-11,P0049,S011,133,27,12
2024-11-11,P0049,S013,341,34,4
2024-11-11,P0049,S015,249,52,12
2024-11-11,P0049,S017,66,49,4
2024-11-10,P0001,S001,194,61,4
2024-11-10,P0001,S003,108,25,5
2024-11-10,P0001,S005,44,71,14
2024-11-10,P0001,S007,40,97,5
2024-11-10,P0001,S009,469,26,14
2024-11-10,P0001,S011,324,49,7
2024-11-10,P0001,S013,272,44,7
2024-11-10,P0001,S015,487,65,4
2024-11-10,P0001,S017,324,90,13
2024-11-10,P0004,S001,469,84,7
2024-11-10,P0004,S003,239,54,11
2024-11-10,P0004,S005,368,40,10
2024-11-10,P0004,S007,401,63,4
2024-11-10,P0004,S009,98,22,5
2024-11-10,P0004,S011,213,48,6
2024-11-10,P0004,S013,492,35,9
2024-11-10,P0004,S015,262,68,11
2024-11-10,P0004,S017,312,72,11
2024-11-10,P0007,S001,175,83,13
2024-11-10,P0007,S003,355,74,7
2024-11-10,P0007,S005,495,65,14
2024-11-10,P0007,S007,147,69,4
2024-11-10,P0007,S009,117,100,3
2024-11-10,P0007,S011,257,91,12
2024-11-10,P0007,S013,301,24,4
2024-11-10,P0007,S015,361,63,4
2024-11-10,P0007,S017,185,76,13
2024-11-10,P0010,S001,200,86,5
2024-11-10,P0010,S003,444,84,4
2024-11-10,P0010,S005,438,63,14
2024-11-10,P0010,S007,281,61,12
2024-11-10,P0010,S009,257,100,9
2024-11-10,P0010,S011,370,36,7
2024-11-10,P0010,S013,50,69,9
2024-11-10,P0010,S015,194,31,14
2024-11-10,P0010,S017,67,99,8
2024-11-10,P0013,S001,23,41,12
2024-11-10,P0013,S003,80,95,11
2024-11-10,P0013,S005,354,93,14
2024-11-10,P0013,S007,456,36,11
2024-11-10,P0013,S009,301,81,12
2024-11-10,P0013,S011,16,83,9
2024-11-10,P0013,S013,356,57,10
2024-11-10,P0013,S015,134,34,6
2024-11-10,P0013,S017,352,77,8
2024-11-10,P0016,S001,280,57,7
2024-11-10,P0016,S003,434,85,5
2024-11-10,P0016,S005,403,32,5
2024-11-10,P0016,S007,75,48,10
2024-11-10,P0016,S009,422,54,9
2024-11-10,P0016,S011,24,62,5
2024-11-10,P0016,S013,418,92,11
2024-11-10,P0016,S015,377,80,10
2024-11-10,P0016,S017,209,46,8
2024-11-10,P0019,S001,18,32,7
2024-11-10,P0019,S003,89,43,4
2024-11-10,P0019,S005,357,77,11
2024-11-10,P0019,S007,229,30,9
2024-11-10,P0019,S009,320,92,3
2024-11-10,P0019,S011,14,88,5
2024-11-10,P0019,S013,340,31,3
2024-11-10,P0019,S015,11,83,9
2024-11-10,P0019,S017,459,35,13
2024-11-10,P0022,S001,422,24,3
2024-11-10,P0022,S003,209,92,9
2024-11-10,P0022,S005,218,26,3
2024-11-10,P0022,S007,23,69,8
2024-11-10,P0022,S009,131,50,14
2024-11-10,P0022,S011,333,71,3
2024-11-10,P0022,S013,161,48,8
2024-11-10,P0022,S015,282,65,10
2024-11-10,P0022,S017,450,37,11
2024-11-10,P0025,S001,157,88,4
2024-11-10,P0025,S003,425,25,13
2024-11-10,P0025,S005,119,58,11
2024-11-10,P0025,S007,244,89,4
2024-11-10,P0025,S009,471,56,5
2024-11-10,P0025,S011,166,87,7
2024-11-10,P0025,S013,308,60,5
2024-11-10,P0025,S015,147,49,7
2024-11-10,P0025,S017,327,33,7
2024-11-10,P0028,S001,194,76,6
2024-11-10,P0028,S003,300,29,13
2024-11-10,P0028,S005,464,24,14
2024-11-10,P0028,S007,210,44,11
2024-11-10,P0028,S009,467,84,11
2024-11-10,P0028,S011,89,35,13
2024-11-10,P0028,S013,318,69,7
2024-11-10,P0028,S015,87,92,13
2024-11-10,P0028,S017,211,56,10
2024-11-10,P0031,S001,204,73,3
2024-11-10,P0031,S003,308,67,4
2024-11-10,P0031,S005,388,30,7
2024-11-10,P0031,S007,176,68,5
2024-11-10,P0031,S009,482,34,9
2024-11-10,P0031,S011,125,85,8
2024-11-10,P0031,S013,262,45,10
2024-11-10,P0031,S015,78,63,5
2024-11-10,P0031,S017,18,85,4
2024-11-10,P0034,S001,51,25,6
2024-11-10,P0034,S003,389,26,10
2024-11-10,P0034,S005,199,44,4
2024-11-10,P0034,S007,13,84,9
2024-11-10,P0034,S009,200,68,3
2024-11-10,P0034,S011,455,73,12
2024-11-10,P0034,S013,320,73,10
2024-11-10,P0034,S015,32,82,7
2024-11-10,P0034,S017,238,80,8
2024-11-10,P0037,S001,284,54,11
2024-11-10,P0037,S003,176,100,6
2024-11-10,P0037,S005,38,91,3
2024-11-10,P0037,S007,25,54,5
2024-11-10,P0037,S009,205,68,8
2024-11-10,P0037,S011,139,39,6
2024-11-10,P0037,S013,485,22,10
2024-11-10,P0037,S015,261,66,14
2024-11-10,P0037,S017,320,89,10
2024-11-10,P0040,S001,90,22,10
2024-11-10,P0040,S003,479,42,13
2024-11-10,P0040,S005,321,77,4
2024-11-10,P0040,S007,123,30,8
2024-11-10,P0040,S009,30,44,10
2024-11-10,P0040,S011,478,31,8
2024-11-10,P0040,S013,454,76,10
2024-11-10,P0040,S015,499,41,13
2024-11-10,P0040,S017,242,47,8
2024-11-10,P0043,S001,344,55,5
2024-11-10,P0043,S003,66,43,13
2024-11-10,P0043,S005,15,79,4
2024-11-10,P0043,S007,499,92,8
2024-11-10,P0043,S009,389,28,4
2024-11-10,P0043,S011,182,57,7
2024-11-10,P0043,S013,33,21,9
2024-11-10,P0043,S015,469,61,7
2024-11-10,P0043,S017,403,73,7
2024-11-10,P0046,S001,121,85,10
2024-11-10,P0046,S003,89,84,13
2024-11-10,P0046,S005,396,24,12
2024-11-10,P0046,S007,127,99,8
2024-11-10,P0046,S009,484,29,7
2024-11-10,P0046,S011,226,90,7
2024-11-10,P0046,S013,159,60,10
2024-11-10,P0046,S015,226,74,12
2024-11-10,P0046,S017,302,20,4
2024-11-10,P0049,S001,29,63,10
2024-11-10,P0049,S003,31,63,10
2024-11-10,P0049,S005,274,67,10
2024-11-10,P0049,S007,306,83,10
2024-11-10,P0049,S009,454,87,10
2024-11-10,P0049,S011,121,63,4
2024-11-10,P0049,S013,28,38,8
2024-11-10,P0049,S015,352,83,12
2024-11-10,P0049,S017,419,53,3
2024-11-09,P0001,S001,292,59,13
2024-11-09,P0001,S003,172,92,6
2024-11-09,P0001,S005,135,83,3
2024-11-09,P0001,S007,354,91,5
2024-11-09,P0001,S009,500,87,6
2024-11-09,P0001,S011,30,66,3
2024-11-09,P0001,S013,356,85,8
2024-11-09,P0001,S015,135,80,9
2024-11-09,P0001,S017,214,36,6
2024-11-09,P0004,S001,141,90,12
2024-11-09,P0004,S003,213,46,10
2024-11-09,P0004,S005,453,95,8
2024-11-09,P0004,S007,492,46,11
2024-11-09,P0004,S009,308,58,13
2024-11-09,P0004,S011,471,98,9
2024-11-09,P0004,S013,226,60,5
2024-11-09,P0004,S015,375,88,14
2024-11-09,P0004,S017,29,27,13
2024-11-09,P0007,S001,384,64,6
2024-11-09,P0007,S003,468,68,12
2024-11-09,P0007,S005,363,25,13
2024-11-09,P0007,S007,244,35,5
2024-11-09,P0007,S009,115,54,3
2024-11-09,P0007,S011,22,69,10
2024-11-09,P0007,S013,497,75,13
2024-11-09,P0007,S015,228,90,12
2024-11-09,P0007,S017,241,73,3
2024-11-09,P0010,S001,44,83,13
2024-11-09,P0010,S003,182,87,10
2024-11-09,P0010,S005,474,42,12
2024-11-09,P0010,S007,111,89,14
2024-11-09,P0010,S009,200,47,5
2024-11-09,P0010,S011,322,56,13
2024-11-09,P0010,S013,290,81,13
2024-11-09,P0010,S015,385,35,13
2024-11-09,P0010,S017,277,57,9
2024-11-09,P0013,S001,315,46,9
2024-11-09,P0013,S003,462,67,11
2024-11-09,P0013,S005,54,36,4
2024-11-09,P0013,S007,254,65,9
2024-11-09,P0013,S009,286,46,8
2024-11-09,P0013,S011,58,42,6
2024-11-09,P0013,S013,390,40,4
2024-11-09,P0013,S015,53,39,8
2024-11-09,P0013,S017,476,54,10
2024-11-09,P0016,S001,417,47,5
2024-11-09,P0016,S003,155,76,12
2024-11-09,P0016,S005,25,92,9
2024-11-09,P0016,S007,122,37,6
2024-11-09,P0016,S009,311,21,12
2024-11-09,P0016,S011,417,54,12
2024-11-09,P0016,S013,413,38,3
2024-11-09,P0016,S015,143,93,5
2024-11-09,P0016,S017,411,51,13
2024-11-09,P0019,S001,357,88,8
2024-11-09,P0019,S003,218,42,12
2024-11-09,P0019,S005,120,59,5
2024-11-09,P0019,S007,286,46,12
2024-11-09,P0019,S009,379,82,9
2024-11-09,P0019,S011,384,85,3
2024-11-09,P0019,S013,358,64,11
2024-11-09,P0019,S015,397,87,8
2024-11-09,P0019,S017,216,66,10
2024-11-09,P0022,S001,388,90,13
2024-11-09,P0022,S003,332,98,14
2024-11-09,P0022,S005,398,34,9
2024-11-09,P0022,S007,311,98,11
2024-11-09,P0022,S009,105,54,6
2024-11-09,P0022,S011,300,53,7
2024-11-09,P0022,S013,171,93,4
2024-11-09,P0022,S015,250,41,6
2024-11-09,P0022,S017,374,30,5
2024-11-09,P0025,S001,408,100,3
2024-11-09,P0025,S003,273,51,5
2024-11-09,P0025,S005,481,39,5
2024-11-09,P0025,S007,207,57,8
2024-11-09,P0025,S009,387,47,8
2024-11-09,P0025,S011,455,65,7
2024-11-09,P0025,S013,89,85,4
2024-11-09,P0025,S015,241,94,11
2024-11-09,P0025,S017,259,24,10
2024-11-09,P0028,S001,101,28,11
2024-11-09,P0028,S003,233,31,4
2024-11-09,P0028,S005,54,86,7
2024-11-09,P0028,S007,297,32,9
2024-11-09,P0028,S009,41,44,12
2024-11-09,P0028,S011,221,65,3
2024-11-09,P0028,S013,418,64,8
2024-11-09,P0028,S015,358,71,9
2024-11-09,P0028,S017,444,35,8
2024-11-09,P0031,S001,40,70,12
2024-11-09,P0031,S003,10,61,5
2024-11-09,P0031,S005,84,93,8
2024-11-09,P0031,S007,292,34,13
2024-11-09,P0031,S009,285,92,14
2024-11-09,P0031,S011,456,65,6
2024-11-09,P0031,S013,312,99,5
2024-11-09,P0031,S015,105,37,4
2024-11-09,P0031,S017,223,96,14
2024-11-09,P0034,S001,446,64,14
2024-11-09,P0034,S003,22,62,6
2024-11-09,P0034,S005,370,30,5
2024-11-09,P0034,S007,195,99,14
2024-11-09,P0034,S009,207,48,9
2024-11-09,P0034,S011,324,79,11
2024-11-09,P0034,S013,103,59,4
2024-11-09,P0034,S015,314,60,3
2024-11-09,P0034,S017,120,75,10
2024-11-09,P0037,S001,397,83,11
2024-11-09,P0037,S003,97,56,7
2024-11-09,P0037,S005,399,80,3
2024-11-09,P0037,S007,12,36,14
2024-11-09,P0037,S009,155,36,13
2024-11-09,P0037,S011,413,34,10
2024-11-09,P0037,S013,79,59,14
2024-11-09,P0037,S015,381,59,10
2024-11-09,P0037,S017,34,93,11
2024-11-09,P0040,S001,176,90,7
2024-11-09,P0040,S003,442,45,14
2024-11-09,P0040,S005,279,74,14
2024-11-09,P0040,S007,499,90,7
2024-11-09,P0040,S009,485,91,9
2024-11-09,P0040,S011,439,43,8
2024-11-09,P0040,S013,483,67,7
2024-11-09,P0040,S015,315,25,8
2024-11-09,P0040,S017,183,79,3
2024-11-09,P0043,S001,223,22,7
2024-11-09,P0043,S003,22,65,11
2024-11-09,P0043,S005,252,26,10
2024-11-09,P0043,S007,321,20,13
2024-11-09,P0043,S009,423,56,6
2024-11-09,P0043,S011,467,47,5
2024-11-09,P0043,S013,261,49,8
2024-11-09,P0043,S015,436,54,12
2024-11-09,P0043,S017,428,29,11
2024-11-09,P0046,S001,248,26,3
2024-11-09,P0046,S003,219,82,12
2024-11-09,P0046,S005,158,69,14
2024-11-09,P0046,S007,484,77,12
2024-11-09,P0046,S009,449,61,8
2024-11-09,P0046,S011,183,68,4
2024-11-09,P0046,S013,482,38,8
2024-11-09,P0046,S015,190,28,7
2024-11-09,P0046,S017,272,41,7
2024-11-09,P0049,S001,45,48,9
2024-11-09,P0049,S003,179,58,5
2024-11-09,P0049,S005,441,27,11
2024-11-09,P0049,S007,369,37,10
2024-11-09,P0049,S009,235,26,14
2024-11-09,P0049,S011,255,20,3
2024-11-09,P0049,S013,45,66,12
2024-11-09,P0049,S015,278,30,14
2024-11-09,P0049,S017,214,90,14
2024-11-08,P0001,S001,262,69,11
2024-11-08,P0001,S003,370,66,14
2024-11-08,P0001,S005,43,20,3
2024-11-08,P0001,S007,187,50,8
2024-11-08,P0001,S009,322,54,7
2024-11-08,P0001,S011,490,30,9
2024-11-08,P0001,S013,474,31,3
2024-11-08,P0001,S015,303,52,9
2024-11-08,P0001,S017,366,82,8
2024-11-08,P0004,S001,209,41,12
2024-11-08,P0004,S003,60,80,8
2024-11-08,P0004,S005,40,99,7
2024-11-08,P0004,S007,177,57,11
2024-11-08,P0004,S009,215,93,10
2024-11-08,P0004,S011,427,95,5
2024-11-08,P0004,S013,76,85,14
2024-11-08,P0004,S015,159,68,7
2024-11-08,P0004,S017,16,92,7
2024-11-08,P0007,S001,126,66,12
2024-11-08,P0007,S003,282,79,13
2024-11-08,P0007,S005,147,37,10
2024-11-08,P0007,S007,425,41,3
2024-11-08,P0007,S009,281,59,10
2024-11-08,P0007,S011,321,35,6
2024-11-08,P0007,S013,361,50,6
2024-11-08,P0007,S015,373,96,13
2024-11-08,P0007,S017,263,27,8
2024-11-08,P0010,S001,271,95,6
2024-11-08,P0010,S003,448,53,12
2024-11-08,P0010,S005,129,97,12
2024-11-08,P0010,S007,40,44,8
2024-11-08,P0010,S009,316,56,13
2024-11-08,P0010,S011,399,80,6
2024-11-08,P0010,S013,448,45,8
2024-11-08,P0010,S015,469,50,8
2024-11-08,P0010,S017,178,72,7
2024-11-08,P0013,S001,66,78,5
2024-11-08,P0013,S003,226,42,6
2024-11-08,P0013,S005,184,92,14
2024-11-08,P0013,S007,424,27,7
2024-11-08,P0013,S009,57,78,6
2024-11-08,P0013,S011,151,90,10
2024-11-08,P0013,S013,109,57,7
2024-11-08,P0013,S015,42,45,14
2024-11-08,P0013,S017,412,25,8
2024-11-08,P0016,S001,487,73,14
2024-11-08,P0016,S003,281,88,8
2024-11-08,P0016,S005,470,83,8
2024-11-08,P0016,S007,300,70,13
2024-11-08,P0016,S009,54,54,8
2024-11-08,P0016,S011,406,85,4
2024-11-08,P0016,S013,372,47,12
2024-11-08,P0016,S015,304,28,13
2024-11-08,P0016,S017,349,54,13
2024-11-08,P0019,S001,425,37,11
2024-11-08,P0019,S003,347,88,10
2024-11-08,P0019,S005,281,62,3
2024-11-08,P0019,S007,432,91,9
2024-11-08,P0019,S009,360,78,6
2024-11-08,P0019,S011,470,66,7
2024-11-08,P0019,S013,392,87,9
2024-11-08,P0019,S015,397,68,3
2024-11-08,P0019,S017,278,56,3
2024-11-08,P0022,S001,68,94,14
2024-11-08,P0022,S003,223,53,9
2024-11-08,P0022,S005,480,59,12
2024-11-08,P0022,S007,154,54,3
2024-11-08,P0022,S009,488,40,9
2024-11-08,P0022,S011,282,31,11
2024-11-08,P0022,S013,12,82,10
2024-11-08,P0022,S015,360,76,12
2024-11-08,P0022,S017,344,37,13
2024-11-08,P0025,S001,62,80,14
2024-11-08,P0025,S003,117,57,3
2024-11-08,P0025,S005,288,80,9
2024-11-08,P0025,S007,145,49,8
2024-11-08,P0025,S009,170,63,5
2024-11-08,P0025,S011,129,60,9
2024-11-08,P0025,S013,299,96,13
2024-11-08,P0025,S015,247,78,6
2024-11-08,P0025,S017,408,68,8
2024-11-08,P0028,S001,344,27,10
2024-11-08,P0028,S003,109,91,7
2024-11-08,P0028,S005,369,93,3
2024-11-08,P0028,S007,400,94,4
2024-11-08,P0028,S009,328,93,11
2024-11-08,P0028,S011,57,68,10
2024-11-08,P0028,S013,185,78,12
2024-11-08,P0028,S015,96,95,10
2024-11-08,P0028,S017,321,37,4
2024-11-08,P0031,S001,163,26,3
2024-11-08,P0031,S003,117,94,5
2024-11-08,P0031,S005,165,27,11
2024-11-08,P0031,S007,31,31,9
2024-11-08,P0031,S009,451,42,4
2024-11-08,P0031,S011,296,63,12
2024-11-08,P0031,S013,193,93,14
2024-11-08,P0031,S015,107,62,8
2024-11-08,P0031,S017,349,82,12
2024-11-08,P0034,S001,423,42,12
2024-11-08,P0034,S003,187,47,8
2024-11-08,P0034,S005,138,21,9
2024-11-08,P0034,S007,132,22,8
2024-11-08,P0034,S009,409,82,14
2024-11-08,P0034,S011,371,48,4
2024-11-08,P0034,S013,91,32,10
2024-11-08,P0034,S015,324,62,6
2024-11-08,P0034,S017,452,43,14
2024-11-08,P0037,S001,158,60,4
2024-11-08,P0037,S003,128,75,13
2024-11-08,P0037,S005,405,99,4
2024-11-08,P0037,S007,49,42,10
2024-11-08,P0037,S009,370,48,8
2024-11-08,P0037,S011,158,21,7
2024-11-08,P0037,S013,94,66,10
2024-11-08,P0037,S015,113,62,14
2024-11-08,P0037,S017,283,75,4
2024-11-08,P0040,S001,316,46,9
2024-11-08,P0040,S003,444,87,3
2024-11-08,P0040,S005,398,81,12
2024-11-08,P0040,S007,183,78,11
2024-11-08,P0040,S009,146,55,7
2024-11-08,P0040,S011,477,75,9
2024-11-08,P0040,S013,485,74,5
2024-11-08,P0040,S015,208,69,11
2024-11-08,P0040,S017,208,99,5
2024-11-08,P0043,S001,45,64,8
2024-11-08,P0043,S003,167,87,11
2024-11-08,P0043,S005,479,47,13
2024-11-08,P0043,S007,173,40,7
2024-11-08,P0043,S009,253,76,9
2024-11-08,P0043,S011,353,67,5
2024-11-08,P0043,S013,71,64,9
2024-11-08,P0043,S015,374,61,3
2024-11-08,P0043,S017,326,21,4
2024-11-08,P0046,S001,428,87,9
2024-11-08,P0046,S003,81,76,6
2024-11-08,P0046,S005,335,57,9
2024-11-08,P0046,S007,378,58,4
2024-11-08,P0046,S009,364,37,9
2024-11-08,P0046,S011,407,30,14
2024-11-08,P0046,S013,406,75,6
2024-11-08,P0046,S015,37,45,14
2024-11-08,P0046,S017,58,63,13
2024-11-08,P0049,S001,488,79,7
2024-11-08,P0049,S003,427,87,7
2024-11-08,P0049,S005,433,21,8
2024-11-08,P0049,S007,209,24,3
2024-11-08,P0049,S009,375,51,6
2024-11-08,P0049,S011,470,59,3
2024-11-08,P0049,S013,446,58,5
2024-11-08,P0049,S015,272,62,12
2024-11-08,P0049,S017,377,52,6
2024-11-07,P0001,S001,356,27,9
2024-11-07,P0001,S003,109,60,6
2024-11-07,P0001,S005,60,24,14
2024-11-07,P0001,S007,425,98,7
2024-11-07,P0001,S009,435,48,11
2024-11-07,P0001,S011,192,81,4
2024-11-07,P0001,S013,246,20,14
2024-11-07,P0001,S015,144,21,10
2024-11-07,P0001,S017,204,73,9
2024-11-07,P0004,S001,126,32,8
2024-11-07,P0004,S003,62,37,6
2024-11-07,P0004,S005,383,69,7
2024-11-07,P0004,S007,290,24,12
2024-11-07,P0004,S009,375,31,3
2024-11-07,P0004,S011,322,48,6
2024-11-07,P0004,S013,294,27,10
2024-11-07,P0004,S015,437,54,6
2024-11-07,P0004,S017,168,100,14
2024-11-07,P0007,S001,423,43,8
2024-11-07,P0007,S003,94,45,6
2024-11-07,P0007,S005,425,26,14
2024-11-07,P0007,S007,438,62,8
2024-11-07,P0007,S009,217,23,7
2024-11-07,P0007,S011,163,96,10
2024-11-07,P0007,S013,110,87,14
2024-11-07,P0007,S015,403,32,4
2024-11-07,P0007,S017,298,68,9
2024-11-07,P0010,S001,465,54,3
2024-11-07,P0010,S003,472,93,5
2024-11-07,P0010,S005,113,52,4
2024-11-07,P0010,S007,330,41,12
2024-11-07,P0010,S009,180,22,13
2024-11-07,P0010,S011,32,53,13
2024-11-07,P0010,S013,41,61,6
2024-11-07,P0010,S015,16,62,7
2024-11-07,P0010,S017,175,76,5
2024-11-07,P0013,S001,81,56,8
2024-11-07,P0013,S003,328,29,9
2024-11-07,P0013,S005,101,67,4
2024-11-07,P0013,S007,137,71,10
2024-11-07,P0013,S009,380,56,14
2024-11-07,P0013,S011,435,69,7
2024-11-07,P0013,S013,300,74,5
2024-11-07,P0013,S015,102,60,4
2024-11-07,P0013,S017,139,94,14
2024-11-07,P0016,S001,199,37,14
2024-11-07,P0016,S003,380,55,7
2024-11-07,P0016,S005,119,37,11
2024-11-07,P0016,S007,384,87,10
2024-11-07,P0016,S009,224,37,8
2024-11-07,P0016,S011,205,61,10
2024-11-07,P0016,S013,151,78,4
2024-11-07,P0016,S015,267,100,10
2024-11-07,P0016,S017,206,79,14
2024-11-07,P0019,S001,111,31,6
2024-11-07,P0019,S003,408,27,10
2024-11-07,P0019,S005,416,85,14
2024-11-07,P0019,S007,489,92,14
2024-11-07,P0019,S009,427,23,5
2024-11-07,P0019,S011,214,56,6
2024-11-07,P0019,S013,439,20,7
2024-11-07,P0019,S015,61,71,5
2024-11-07,P0019,S017,168,24,11
2024-11-07,P0022,S001,294,95,10
2024-11-07,P0022,S003,438,74,8
2024-11-07,P0022,S005,399,69,8
2024-11-07,P0022,S007,240,55,13
2024-11-07,P0022,S009,65,90,14
2024-11-07,P0022,S011,300,31,4
2024-11-07,P0022,S013,453,93,4
2024-11-07,P0022,S015,106,55,5
2024-11-07,P0022,S017,289,20,5
2024-11-07,P0025,S001,312,87,11
2024-11-07,P0025,S003,20,92,6
2024-11-07,P0025,S005,213,30,3
2024-11-07,P0025,S007,260,90,9
2024-11-07,P0025,S009,343,26,10
2024-11-07,P0025,S011,170,59,10
2024-11-07,P0025,S013,295,70,10
2024-11-07,P0025,S015,314,61,11
2024-11-07,P0025,S017,124,75,12
2024-11-07,P0028,S001,134,25,11
2024-11-07,P0028,S003,52,20,10
2024-11-07,P0028,S005,404,75,11
2024-11-07,P0028,S007,328,22,8
2024-11-07,P0028,S009,216,43,3
2024-11-07,P0028,S011,275,64,9
2024-11-07,P0028,S013,12,96,8
2024-11-07,P0028,S015,275,80,9
2024-11-07,P0028,S017,25,53,6
2024-11-07,P0031,S001,370,48,11
2024-11-07,P0031,S003,137,25,10
2024-11-07,P0031,S005,263,62,11
2024-11-07,P0031,S007,93,62,12
2024-11-07,P0031,S009,279,86,12
2024-11-07,P0031,S011,254,83,13
2024-11-07,P0031,S013,257,39,7
2024-11-07,P0031,S015,179,93,7
2024-11-07,P0031,S017,256,25,3
2024-11-07,P0034,S001,199,53,11
2024-11-07,P0034,S003,301,68,12
2024-11-07,P0034,S005,355,37,11
2024-11-07,P0034,S007,244,45,11
2024-11-07,P0034,S009,88,79,14
2024-11-07,P0034,S011,48,76,7
2024-11-07,P0034,S013,344,20,13
2024-11-07,P0034,S015,415,82,6
2024-11-07,P0034,S017,117,32,6
2024-11-07,P0037,S001,412,78,4
2024-11-07,P0037,S003,41,42,13
2024-11-07,P0037,S005,134,55,14
2024-11-07,P0037,S007,335,91,13
2024-11-07,P0037,S009,306,77,10
2024-11-07,P0037,S011,392,78,13
2024-11-07,P0037,S013,439,47,3
2024-11-07,P0037,S015,11,64,13
2024-11-07,P0037,S017,175,69,9
2024-11-07,P0040,S001,159,59,10
2024-11-07,P0040,S003,448,39,8
2024-11-07,P0040,S005,357,83,5
2024-11-07,P0040,S007,127,27,8
2024-11-07,P0040,S009,131,46,5
2024-11-07,P0040,S011,477,87,9
2024-11-07,P0040,S013,187,59,14
2024-11-07,P0040,S015,328,33,3
2024-11-07,P0040,S017,492,75,9
2024-11-07,P0043,S001,422,26,14
2024-11-07,P0043,S003,172,83,13
2024-11-07,P0043,S005,81,24,14
2024-11-07,P0043,S007,51,55,3
2024-11-07,P0043,S009,117,35,10
2024-11-07,P0043,S011,400,56,13
2024-11-07,P0043,S013,227,86,6
2024-11-07,P0043,S015,332,54,5
2024-11-07,P0043,S017,295,37,10
2024-11-07,P0046,S001,330,94,7
2024-11-07,P0046,S003,65,55,8
2024-11-07,P0046,S005,222,59,10
2024-11-07,P0046,S007,317,96,4
2024-11-07,P0046,S009,48,97,13
2024-11-07,P0046,S011,316,48,6
2024-11-07,P0046,S013,250,54,9
2024-11-07,P0046,S015,296,53,3
2024-11-07,P0046,S017,432,62,14
2024-11-07,P0049,S001,142,57,7
2024-11-07,P0049,S003,49,81,7
2024-11-07,P0049,S005,368,93,11
2024-11-07,P0049,S007,16,54,7
2024-11-07,P0049,S009,166,24,11
2024-11-07,P0049,S011,478,85,10
2024-11-07,P0049,S013,310,89,11
2024-11-07,P0049,S015,243,23,10
2024-11-07,P0049,S017,266,59,13
2024-11-06,P0001,S001,262,90,11
2024-11-06,P0001,S003,457,57,6
2024-11-06,P0001,S005,255,53,14
2024-11-06,P0001,S007,480,43,5
2024-11-06,P0001,S009,239,84,12
2024-11-06,P0001,S011,309,44,4
2024-11-06,P0001,S013,472,68,8
2024-11-06,P0001,S015,326,90,14
2024-11-06,P0001,S017,390,22,10
2024-11-06,P0004,S001,122,45,3
2024-11-06,P0004,S003,342,30,14
2024-11-06,P0004,S005,78,60,11
2024-11-06,P0004,S007,271,41,5
2024-11-06,P0004,S009,481,84,13
2024-11-06,P0004,S011,14,45,14
2024-11-06,P0004,S013,68,27,5
2024-11-06,P0004,S015,161,41,12
2024-11-06,P0004,S017,330,56,3
2024-11-06,P0007,S001,36,97,3
2024-11-06,P0007,S003,161,46,4
2024-11-06,P0007,S005,340,30,5
2024-11-06,P0007,S007,469,37,8
2024-11-06,P0007,S009,35,61,11
2024-11-06,P0007,S011,403,67,9
2024-11-06,P0007,S013,469,58,6
2024-11-06,P0007,S015,390,85,7
2024-11-06,P0007,S017,105,79,5
2024-11-06,P0010,S001,203,29,8
2024-11-06,P0010,S003,496,62,8
2024-11-06,P0010,S005,350,92,8
2024-11-06,P0010,S007,141,61,13
2024-11-06,P0010,S009,258,75,3
2024-11-06,P0010,S011,439,83,5
2024-11-06,P0010,S013,89,85,8
2024-11-06,P0010,S015,210,47,8
2024-11-06,P0010,S017,490,29,9
2024-11-06,P0013,S001,461,78,12
2024-11-06,P0013,S003,225,72,5
2024-11-06,P0013,S005,277,57,6
2024-11-06,P0013,S007,37,81,13
2024-11-06,P0013,S009,114,82,11
2024-11-06,P0013,S011,53,83,13
2024-11-06,P0013,S013,374,92,3
2024-11-06,P0013,S015,160,50,4
2024-11-06,P0013,S017,132,83,8
2024-11-06,P0016,S001,346,60,4
2024-11-06,P0016,S003,242,56,6
2024-11-06,P0016,S005,336,92,7
2024-11-06,P0016,S007,303,84,11
2024-11-06,P0016,S009,467,34,9
2024-11-06,P0016,S011,190,87,7
2024-11-06,P0016,S013,260,52,10
2024-11-06,P0016,S015,284,100,3
2024-11-06,P0016,S017,331,37,3
2024-11-06,P0019,S001,209,43,8
2024-11-06,P0019,S003,314,28,8
2024-11-06,P0019,S005,247,71,13
2024-11-06,P0019,S007,309,61,14
2024-11-06,P0019,S009,19,60,3
2024-11-06,P0019,S011,402,56,4
2024-11-06,P0019,S013,141,37,13
2024-11-06,P0019,S015,119,22,10
2024-11-06,P0019,S017,390,26,5
2024-11-06,P0022,S001,335,96,11
2024-11-06,P0022,S003,193,42,5
2024-11-06,P0022,S005,344,97,12
2024-11-06,P0022,S007,405,21,11
2024-11-06,P0022,S009,150,42,5
2024-11-06,P0022,S011,372,33,12
2024-11-06,P0022,S013,307,30,8
2024-11-06,P0022,S015,111,75,3
2024-11-06,P0022,S017,407,75,7
2024-11-06,P0025,S001,412,44,14
2024-11-06,P0025,S003,230,52,7
2024-11-06,P0025,S005,82,68,5
2024-11-06,P0025,S007,140,86,4
2024-11-06,P0025,S009,218,39,11
2024-11-06,P0025,S011,447,88,9
2024-11-06,P0025,S013,472,80,14
2024-11-06,P0025,S015,101,53,8
2024-11-06,P0025,S017,398,28,11
2024-11-06,P0028,S001,236,52,13
2024-11-06,P0028,S003,79,89,4
2024-11-06,P0028,S005,485,35,14
2024-11-06,P0028,S007,51,70,6
2024-11-06,P0028,S009,152,92,3
2024-11-06,P0028,S011,120,80,10
2024-11-06,P0028,S013,300,60,12
2024-11-06,P0028,S015,39,38,13
2024-11-06,P0028,S017,413,76,14
2024-11-06,P0031,S001,373,34,10
2024-11-06,P0031,S003,291,43,7
2024-11-06,P0031,S005,111,49,8
2024-11-06,P0031,S007,351,92,9
2024-11-06,P0031,S009,416,84,7
2024-11-06,P0031,S011,297,44,12
2024-11-06,P0031,S013,128,89,12
2024-11-06,P0031,S015,388,100,7
2024-11-06,P0031,S017,396,50,13
2024-11-06,P0034,S001,465,47,8
2024-11-06,P0034,S003,424,97,12
2024-11-06,P0034,S005,277,33,5
2024-11-06,P0034,S007,326,69,8
2024-11-06,P0034,S009,235,60,8
2024-11-06,P0034,S011,18,82,14
2024-11-06,P0034,S013,98,58,13
2024-11-06,P0034,S015,428,97,5
2024-11-06,P0034,S017,150,22,13
2024-11-06,P0037,S001,135,62,9
2024-11-06,P0037,S003,307,57,4
2024-11-06,P0037,S005,356,39,8
2024-11-06,P0037,S007,375,44,7
2024-11-06,P0037,S009,349,83,8
2024-11-06,P0037,S011,412,72,6
2024-11-06,P0037,S013,198,72,8
2024-11-06,P0037,S015,104,78,3
2024-11-06,P0037,S017,146,93,9
2024-11-06,P0040,S001,253,90,9
2024-11-06,P0040,S003,146,51,3
2024-11-06,P0040,S005,110,27,10
2024-11-06,P0040,S007,344,97,9
2024-11-06,P0040,S009,254,97,3
2024-11-06,P0040,S011,222,71,9
2024-11-06,P0040,S013,437,35,4
2024-11-06,P0040,S015,42,40,12
2024-11-06,P0040,S017,381,37,3
2024-11-06,P0043,S001,93,36,8
2024-11-06,P0043,S003,379,22,11
2024-11-06,P0043,S005,262,32,10
2024-11-06,P0043,S007,195,45,3
2024-11-06,P0043,S009,12,88,14
2024-11-06,P0043,S011,161,53,5
2024-11-06,P0043,S013,20,27,11
2024-11-06,P0043,S015,50,62,4
2024-11-06,P0043,S017,209,49,6
2024-11-06,P0046,S001,105,56,12
2024-11-06,P0046,S003,31,89,5
2024-11-06,P0046,S005,361,50,7
2024-11-06,P0046,S007,72,39,8
2024-11-06,P0046,S009,471,79,12
2024-11-06,P0046,S011,23,94,4
2024-11-06,P0046,S013,212,29,12
2024-11-06,P0046,S015,425,63,14
2024-11-06,P0046,S017,294,54,14
2024-11-06,P0049,S001,499,98,6
2024-11-06,P0049,S003,280,85,12
2024-11-06,P0049,S005,433,92,14
2024-11-06,P0049,S007,359,77,14
2024-11-06,P0049,S009,316,44,4
2024-11-06,P0049,S011,311,86,7
2024-11-06,P0049,S013,228,21,12
2024-11-06,P0049,S015,326,78,11
2024-11-06,P0049,S017,322,40,14
2024-11-05,P0001,S001,360,75,10
2024-11-05,P0001,S003,120,85,8
2024-11-05,P0001,S005,254,65,13
2024-11-05,P0001,S007,331,44,14
2024-11-05,P0001,S009,115,28,14
2024-11-05,P0001,S011,61,88,13
2024-11-05,P0001,S013,431,25,3
2024-11-05,P0001,S015,425,22,9
2024-11-05,P0001,S017,369,28,13
2024-11-05,P0004,S001,84,68,7
2024-11-05,P0004,S003,17,83,6
2024-11-05,P0004,S005,297,52,3
2024-11-05,P0004,S007,245,94,4
2024-11-05,P0004,S009,186,32,13
2024-11-05,P0004,S011,67,33,11
2024-11-05,P0004,S013,432,23,7
2024-11-05,P0004,S015,160,31,12
2024-11-05,P0004,S017,160,43,12
2024-11-05,P0007,S001,495,23,4
2024-11-05,P0007,S003,49,37,8
2024-11-05,P0007,S005,392,58,6
2024-11-05,P0007,S007,138,74,7
2024-11-05,P0007,S009,213,40,6
2024-11-05,P0007,S011,249,20,13
2024-11-05,P0007,S013,52,21,14
2024-11-05,P0007,S015,109,38,12
2024-11-05,P0007,S017,331,94,4
2024-11-05,P0010,S001,201,77,9
2024-11-05,P0010,S003,282,79,9
2024-11-05,P0010,S005,50,82,9
2024-11-05,P0010,S007,226,73,7
2024-11-05,P0010,S009,130,54,5
2024-11-05,P0010,S011,15,60,5
2024-11-05,P0010,S013,338,71,11
2024-11-05,P0010,S015,421,30,5
2024-11-05,P0010,S017,226,31,7
2024-11-05,P0013,S001,352,24,12
2024-11-05,P0013,S003,190,45,6
2024-11-05,P0013,S005,367,70,10
2024-11-05,P0013,S007,49,86,7
2024-11-05,P0013,S009,88,46,6
2024-11-05,P0013,S011,224,62,6
2024-11-05,P0013,S013,378,52,7
2024-11-05,P0013,S015,282,34,12
2024-11-05,P0013,S017,431,20,6
2024-11-05,P0016,S001,35,41,8
2024-11-05,P0016,S003,398,51,4
2024-11-05,P0016,S005,26,80,7
2024-11-05,P0016,S007,393,69,10
2024-11-05,P0016,S009,196,69,7
2024-11-05,P0016,S011,160,33,5
2024-11-05,P0016,S013,369,32,4
2024-11-05,P0016,S015,12,96,7
2024-11-05,P0016,S017,230,60,5
2024-11-05,P0019,S001,437,88,9
2024-11-05,P0019,S003,500,69,3
2024-11-05,P0019,S005,375,90,7
2024-11-05,P0019,S007,274,53,3
2024-11-05,P0019,S009,140,34,5
2024-11-05,P0019,S011,450,74,4
2024-11-05,P0019,S013,299,68,7
2024-11-05,P0019,S015,195,93,10
2024-11-05,P0019,S017,82,73,3
2024-11-05,P0022,S001,435,47,10
2024-11-05,P0022,S003,10,36,12
2024-11-05,P0022,S005,350,35,5
2024-11-05,P0022,S007,69,90,3
2024-11-05,P0022,S009,57,34,8
2024-11-05,P0022,S011,137,62,4
2024-11-05,P0022,S013,147,44,14
2024-11-05,P0022,S015,319,27,9
2024-11-05,P0022,S017,114,63,11
2024-11-05,P0025,S001,444,56,9
2024-11-05,P0025,S003,97,82,3
2024-11-05,P0025,S005,39,37,14
2024-11-05,P0025,S007,397,78,12
2024-11-05,P0025,S009,51,97,9
2024-11-05,P0025,S011,429,34,14
2024-11-05,P0025,S013,113,89,7
2024-11-05,P0025,S015,313,39,13
2024-11-05,P0025,S017,438,60,10
2024-11-05,P0028,S001,222,67,5
2024-11-05,P0028,S003,26,83,12
2024-11-05,P0028,S005,305,57,3
2024-11-05,P0028,S007,260,57,14
2024-11-05,P0028,S009,106,82,13
2024-11-05,P0028,S011,414,88,14
2024-11-05,P0028,S013,252,95,5
2024-11-05,P0028,S015,235,100,3
2024-11-05,P0028,S017,189,58,10
2024-11-05,P0031,S001,493,23,11
2024-11-05,P0031,S003,28,46,11
2024-11-05,P0031,S005,316,53,3
2024-11-05,P0031,S007,442,39,9
2024-11-05,P0031,S009,219,51,6
2024-11-05,P0031,S011,408,29,6
2024-11-05,P0031,S013,443,56,12
2024-11-05,P0031,S015,102,93,8
2024-11-05,P0031,S017,234,41,14
2024-11-05,P0034,S001,261,94,7
2024-11-05,P0034,S003,231,59,9
2024-11-05,P0034,S005,84,85,11
2024-11-05,P0034,S007,286,67,12
2024-11-05,P0034,S009,456,68,10
2024-11-05,P0034,S011,55,92,11
2024-11-05,P0034,S013,286,78,12
2024-11-05,P0034,S015,260,96,11
2024-11-05,P0034,S017,260,24,5
2024-11-05,P0037,S001,270,46,13
2024-11-05,P0037,S003,100,90,9
2024-11-05,P0037,S005,417,49,8
2024-11-05,P0037,S007,265,39,5
2024-11-05,P0037,S009,400,44,6
2024-11-05,P0037,S011,362,63,12
2024-11-05,P0037,S013,331,28,13
2024-11-05,P0037,S015,58,86,5
2024-11-05,P0037,S017,100,97,12
2024-11-05,P0040,S001,62,70,6
2024-11-05,P0040,S003,297,25,9
2024-11-05,P0040,S005,31,91,7
2024-11-05,P0040,S007,479,80,10
2024-11-05,P0040,S009,142,69,4
2024-11-05,P0040,S011,377,73,4
2024-11-05,P0040,S013,158,43,12
2024-11-05,P0040,S015,481,71,8
2024-11-05,P0040,S017,323,72,7
2024-11-05,P0043,S001,193,29,3
2024-11-05,P0043,S003,174,75,5
2024-11-05,P0043,S005,157,28,9
2024-11-05,P0043,S007,463,72,10
2024-11-05,P0043,S009,253,54,5
2024-11-05,P0043,S011,345,33,11
2024-11-05,P0043,S013,237,78,4
2024-11-05,P0043,S015,173,56,7
2024-11-05,P0043,S017,424,41,6
2024-11-05,P0046,S001,91,86,8
2024-11-05,P0046,S003,167,92,13
2024-11-05,P0046,S005,401,52,10
2024-11-05,P0046,S007,170,96,8
2024-11-05,P0046,S009,414,97,3
2024-11-05,P0046,S011,122,49,8
2024-11-05,P0046,S013,181,91,7
2024-11-05,P0046,S015,159,45,14
2024-11-05,P0046,S017,107,47,12
2024-11-05,P0049,S001,485,91,6
2024-11-05,P0049,S003,95,94,10
2024-11-05,P0049,S005,367,76,8
2024-11-05,P0049,S007,148,65,6
2024-11-05,P0049,S009,270,65,5
2024-11-05,P0049,S011,210,85,3
2024-11-05,P0049,S013,469,31,8
2024-11-05,P0049,S015,462,54,3
2024-11-05,P0049,S017,445,76,6
2024-11-04,P0001,S001,253,25,11
2024-11-04,P0001,S003,433,35,5
2024-11-04,P0001,S005,390,42,4
2024-11-04,P0001,S007,488,54,7
2024-11-04,P0001,S009,315,43,6
2024-11-04,P0001,S011,197,68,10
2024-11-04,P0001,S013,14,100,7
2024-11-04,P0001,S015,185,71,12
2024-11-04,P0001,S017,133,38,12
2024-11-04,P0004,S001,106,38,12
2024-11-04,P0004,S003,329,86,12
2024-11-04,P0004,S005,120,79,10
2024-11-04,P0004,S007,199,90,10
2024-11-04,P0004,S009,44,98,11
2024-11-04,P0004,S011,476,58,12
2024-11-04,P0004,S013,396,21,8
2024-11-04,P0004,S015,180,77,7
2024-11-04,P0004,S017,226,93,6
2024-11-04,P0007,S001,241,52,13
2024-11-04,P0007,S003,190,77,13
2024-11-04,P0007,S005,17,88,13
2024-11-04,P0007,S007,57,65,6
2024-11-04,P0007,S009,84,71,14
2024-11-04,P0007,S011,31,55,6
2024-11-04,P0007,S013,326,97,12
2024-11-04,P0007,S015,190,59,12
2024-11-04,P0007,S017,257,33,11
2024-11-04,P0010,S001,403,54,11
2024-11-04,P0010,S003,274,60,11
2024-11-04,P0010,S005,69,81,13
2024-11-04,P0010,S007,30,32,9
2024-11-04,P0010,S009,464,23,5
2024-11-04,P0010,S011,222,58,5
2024-11-04,P0010,S013,259,35,11
2024-11-04,P0010,S015,84,42,9
2024-11-04,P0010,S017,82,29,9
2024-11-04,P0013,S001,65,64,6
2024-11-04,P0013,S003,261,60,11
2024-11-04,P0013,S005,120,64,6
2024-11-04,P0013,S007,446,80,7
2024-11-04,P0013,S009,181,76,13
2024-11-04,P0013,S011,394,64,10
2024-11-04,P0013,S013,21,20,14
2024-11-04,P0013,S015,135,76,3
2024-11-04,P0013,S017,318,91,14
2024-11-04,P0016,S001,252,21,14
2024-11-04,P0016,S003,381,40,3
2024-11-04,P0016,S005,344,100,11
2024-11-04,P0016,S007,323,95,12
2024-11-04,P0016,S009,146,49,12
2024-11-04,P0016,S011,442,57,12
2024-11-04,P0016,S013,489,44,7
2024-11-04,P0016,S015,191,51,9
2024-11-04,P0016,S017,150,41,8
2024-11-04,P0019,S001,356,41,8
2024-11-04,P0019,S003,83,63,9
2024-11-04,P0019,S005,399,24,5
2024-11-04,P0019,S007,11,31,7
2024-11-04,P0019,S009,237,39,13
2024-11-04,P0019,S011,77,83,14
2024-11-04,P0019,S013,65,48,11
2024-11-04,P0019,S015,14,21,5
2024-11-04,P0019,S017,372,35,9
2024-11-04,P0022,S001,431,46,10
2024-11-04,P0022,S003,280,35,9
2024-11-04,P0022,S005,261,41,6
2024-11-04,P0022,S007,30,50,3
2024-11-04,P0022,S009,151,33,3
2024-11-04,P0022,S011,492,79,5
2024-11-04,P0022,S013,420,46,3
2024-11-04,P0022,S015,367,49,4
2024-11-04,P0022,S017,415,86,6
2024-11-04,P0025,S001,463,95,14
2024-11-04,P0025,S003,307,26,4
2024-11-04,P0025,S005,132,58,13
2024-11-04,P0025,S007,129,74,5
2024-11-04,P0025,S009,167,55,10
2024-11-04,P0025,S011,330,31,7
2024-11-04,P0025,S013,303,24,7
2024-11-04,P0025,S015,44,90,3
2024-11-04,P0025,S017,336,27,12
2024-11-04,P0028,S001,280,70,5
2024-11-04,P0028,S003,410,86,6
2024-11-04,P0028,S005,132,84,4
2024-11-04,P0028,S007,132,37,8
2024-11-04,P0028,S009,60,37,12
2024-11-04,P0028,S011,73,75,10
2024-11-04,P0028,S013,267,90,7
2024-11-04,P0028,S015,204,76,3
2024-11-04,P0028,S017,400,24,14
2024-11-04,P0031,S001,374,57,6
2024-11-04,P0031,S003,446,80,10
2024-11-04,P0031,S005,428,69,14
2024-11-04,P0031,S007,437,75,8
2024-11-04,P0031,S009,101,99,3
2024-11-04,P0031,S011,157,54,11
2024-11-04,P0031,S013,487,33,6
2024-11-04,P0031,S015,137,31,3
2024-11-04,P0031,S017,369,32,9
2024-11-04,P0034,S001,93,37,4
2024-11-04,P0034,S003,214,82,8
2024-11-04,P0034,S005,363,76,13
2024-11-04,P0034,S007,400,21,12
2024-11-04,P0034,S009,431,53,4
2024-11-04,P0034,S011,258,96,11
2024-11-04,P0034,S013,153,42,6
2024-11-04,P0034,S015,55,80,4
2024-11-04,P0034,S017,97,35,3
2024-11-04,P0037,S001,123,73,12
2024-11-04,P0037,S003,379,90,11
2024-11-04,P0037,S005,326,90,3
2024-11-04,P0037,S007,99,42,10
2024-11-04,P0037,S009,492,48,12
2024-11-04,P0037,S011,43,74,9
2024-11-04,P0037,S013,99,94,12
2024-11-04,P0037,S015,418,62,6
2024-11-04,P0037,S017,48,57,8
2024-11-04,P0040,S001,441,25,14
2024-11-04,P0040,S003,360,100,5
2024-11-04,P0040,S005,31,77,3
2024-11-04,P0040,S007,157,92,8
2024-11-04,P0040,S009,81,81,11
2024-11-04,P0040,S011,69,88,13
2024-11-04,P0040,S013,391,59,5
2024-11-04,P0040,S015,306,26,7
2024-11-04,P0040,S017,327,50,12
2024-11-04,P0043,S001,208,52,6
2024-11-04,P0043,S003,178,63,4
2024-11-04,P0043,S005,330,81,12
2024-11-04,P0043,S007,500,80,3
2024-11-04,P0043,S009,305,43,5
2024-11-04,P0043,S011,498,65,4
2024-11-04,P0043,S013,338,38,4
2024-11-04,P0043,S015,233,44,7
2024-11-04,P0043,S017,80,59,3
2024-11-04,P0046,S001,366,70,7
2024-11-04,P0046,S003,272,71,7
2024-11-04,P0046,S005,450,55,12
2024-11-04,P0046,S007,112,38,11
2024-11-04,P0046,S009,328,35,7
2024-11-04,P0046,S011,169,59,11
2024-11-04,P0046,S013,470,65,5
2024-11-04,P0046,S015,362,92,14
2024-11-04,P0046,S017,17,75,3
2024-11-04,P0049,S001,312,26,9
2024-11-04,P0049,S003,265,31,9
2024-11-04,P0049,S005,202,54,6
2024-11-04,P0049,S007,353,67,13
2024-11-04,P0049,S009,79,74,5
2024-11-04,P0049,S011,437,90,3
2024-11-04,P0049,S013,307,73,8
2024-11-04,P0049,S015,280,44,6
2024-11-04,P0049,S017,84,21,13
2024-11-03,P0001,S001,145,74,8
2024-11-03,P0001,S003,166,82,7
2024-11-03,P0001,S005,86,54,10
2024-11-03,P0001,S007,399,46,8
2024-11-03,P0001,S009,368,38,5
2024-11-03,P0001,S011,366,94,11
2024-11-03,P0001,S013,141,69,4
2024-11-03,P0001,S015,185,95,5
2024-11-03,P0001,S017,91,35,7
2024-11-03,P0004,S001,345,71,12
2024-11-03,P0004,S003,74,42,10
2024-11-03,P0004,S005,49,39,12
2024-11-03,P0004,S007,218,93,6
2024-11-03,P0004,S009,130,56,9
2024-11-03,P0004,S011,165,37,12
2024-11-03,P0004,S013,12,99,9
2024-11-03,P0004,S015,181,46,7
2024-11-03,P0004,S017,192,42,6
2024-11-03,P0007,S001,58,89,3
2024-11-03,P0007,S003,404,89,14
2024-11-03,P0007,S005,226,70,4
2024-11-03,P0007,S007,113,60,5
2024-11-03,P0007,S009,35,78,5
2024-11-03,P0007,S011,134,100,9
2024-11-03,P0007,S013,308,27,11
2024-11-03,P0007,S015,243,63,5
2024-11-03,P0007,S017,272,66,4
2024-11-03,P0010,S001,383,20,14
2024-11-03,P0010,S003,236,34,6
2024-11-03,P0010,S005,182,21,5
2024-11-03,P0010,S007,304,24,9
2024-11-03,P0010,S009,370,55,13
2024-11-03,P0010,S011,378,61,5
2024-11-03,P0010,S013,353,81,9
2024-11-03,P0010,S015,47,99,3
2024-11-03,P0010,S017,183,88,4
2024-11-03,P0013,S001,12,20,8
2024-11-03,P0013,S003,139,76,5
2024-11-03,P0013,S005,480,100,9
2024-11-03,P0013,S007,458,61,14
2024-11-03,P0013,S009,154,80,10
2024-11-03,P0013,S011,235,23,11
2024-11-03,P0013,S013,272,97,11
2024-11-03,P0013,S015,357,73,8
2024-11-03,P0013,S017,67,86,9
2024-11-03,P0016,S001,125,98,7
2024-11-03,P0016,S003,452,22,7
2024-11-03,P0016,S005,176,55,6
2024-11-03,P0016,S007,497,89,10
2024-11-03,P0016,S009,35,26,12
2024-11-03,P0016,S011,319,66,3
2024-11-03,P0016,S013,78,63,11
2024-11-03,P0016,S015,212,82,7
2024-11-03,P0016,S017,112,42,10
2024-11-03,P0019,S001,388,87,6
2024-11-03,P0019,S003,19,38,8
2024-11-03,P0019,S005,258,94,13
2024-11-03,P0019,S007,229,62,6
2024-11-03,P0019,S009,336,49,13
2024-11-03,P0019,S011,150,79,6
2024-11-03,P0019,S013,40,58,5
2024-11-03,P0019,S015,27,97,5
2024-11-03,P0019,S017,285,93,4
2024-11-03,P0022,S001,209,84,6
2024-11-03,P0022,S003,180,75,7
2024-11-03,P0022,S005,277,92,9
2024-11-03,P0022,S007,219,75,14
2024-11-03,P0022,S009,491,94,8
2024-11-03,P0022,S011,410,68,11
2024-11-03,P0022,S013,58,50,10
2024-11-03,P0022,S015,203,75,10
2024-11-03,P0022,S017,48,36,6
2024-11-03,P0025,S001,229,30,8
2024-11-03,P0025,S003,237,100,8
2024-11-03,P0025,S005,384,85,6
2024-11-03,P0025,S007,305,40,6
2024-11-03,P0025,S009,259,68,8
2024-11-03,P0025,S011,186,47,10
2024-11-03,P0025,S013,477,56,14
2024-11-03,P0025,S015,295,79,4
2024-11-03,P0025,S017,299,42,10
2024-11-03,P0028,S001,113,40,9
2024-11-03,P0028,S003,459,63,3
2024-11-03,P0028,S005,149,25,13
2024-11-03,P0028,S007,413,65,3
2024-11-03,P0028,S009,32,79,14
2024-11-03,P0028,S011,120,48,4
2024-11-03,P0028,S013,212,45,4
2024-11-03,P0028,S015,59,74,14
2024-11-03,P0028,S017,179,91,14
2024-11-03,P0031,S001,423,33,12
2024-11-03,P0031,S003,388,95,3
2024-11-03,P0031,S005,94,90,5
2024-11-03,P0031,S007,433,69,7
2024-11-03,P0031,S009,57,55,3
2024-11-03,P0031,S011,200,47,6
2024-11-03,P0031,S013,244,88,4
2024-11-03,P0031,S015,440,78,8
2024-11-03,P0031,S017,18,40,5
2024-11-03,P0034,S001,205,60,8
2024-11-03,P0034,S003,356,49,5
2024-11-03,P0034,S005,252,61,5
2024-11-03,P0034,S007,253,38,5
2024-11-03,P0034,S009,201,100,11
2024-11-03,P0034,S011,252,55,7
2024-11-03,P0034,S013,273,49,12
2024-11-03,P0034,S015,13,95,13
2024-11-03,P0034,S017,406,31,5
2024-11-03,P0037,S001,227,55,4
2024-11-03,P0037,S003,218,70,11
2024-11-03,P0037,S005,386,93,6
2024-11-03,P0037,S007,447,79,14
2024-11-03,P0037,S009,91,31,14
2024-11-03,P0037,S011,266,41,11
2024-11-03,P0037,S013,104,32,4
2024-11-03,P0037,S015,429,56,13
2024-11-03,P0037,S017,86,53,9
2024-11-03,P0040,S001,213,45,7
2024-11-03,P0040,S003,331,51,6
2024-11-03,P0040,S005,380,45,11
2024-11-03,P0040,S007,389,56,10
2024-11-03,P0040,S009,121,99,13
2024-11-03,P0040,S011,303,28,9
2024-11-03,P0040,S013,316,29,8
2024-11-03,P0040,S015,365,78,3
2024-11-03,P0040,S017,307,37,3
2024-11-03,P0043,S001,85,58,7
2024-11-03,P0043,S003,25,23,10
2024-11-03,P0043,S005,211,55,14
2024-11-03,P0043,S007,55,92,10
2024-11-03,P0043,S009,60,41,13
2024-11-03,P0043,S011,24,27,13
2024-11-03,P0043,S013,103,72,6
2024-11-03,P0043,S015,488,44,10
2024-11-03,P0043,S017,201,25,14
2024-11-03,P0046,S001,61,54,4
2024-11-03,P0046,S003,316,54,12
2024-11-03,P0046,S005,125,69,6
2024-11-03,P0046,S007,62,25,5
2024-11-03,P0046,S009,134,99,6
2024-11-03,P0046,S011,269,93,5
2024-11-03,P0046,S013,169,38,3
2024-11-03,P0046,S015,241,63,10
2024-11-03,P0046,S017,419,71,9
2024-11-03,P0049,S001,124,53,14
2024-11-03,P0049,S003,398,66,3
2024-11-03,P0049,S005,426,60,8
2024-11-03,P0049,S007,434,63,9
2024-11-03,P0049,S009,431,99,11
2024-11-03,P0049,S011,181,29,12
2024-11-03,P0049,S013,444,30,11
2024-11-03,P0049,S015,156,87,4
2024-11-03,P0049,S017,280,64,10
2024-11-02,P0001,S001,434,90,12
2024-11-02,P0001,S003,295,48,6
2024-11-02,P0001,S005,287,84,4
2024-11-02,P0001,S007,420,75,6
2024-11-02,P0001,S009,276,35,8
2024-11-02,P0001,S011,10,32,14
2024-11-02,P0001,S013,363,54,7
2024-11-02,P0001,S015,338,56,9
2024-11-02,P0001,S017,306,24,7
2024-11-02,P0004,S001,148,33,9
2024-11-02,P0004,S003,363,20,5
2024-11-02,P0004,S005,478,54,14
2024-11-02,P0004,S007,53,54,6
2024-11-02,P0004,S009,306,96,12
2024-11-02,P0004,S011,28,64,10
2024-11-02,P0004,S013,53,51,4
2024-11-02,P0004,S015,384,38,3
2024-11-02,P0004,S017,217,91,12
2024-11-02,P0007,S001,422,38,3
2024-11-02,P0007,S003,389,76,10
2024-11-02,P0007,S005,254,90,4
2024-11-02,P0007,S007,138,100,5
2024-11-02,P0007,S009,179,39,14
2024-11-02,P0007,S011,320,55,9
2024-11-02,P0007,S013,93,90,13
2024-11-02,P0007,S015,55,47,12
2024-11-02,P0007,S017,228,23,11
2024-11-02,P0010,S001,10,69,14
2024-11-02,P0010,S003,161,37,3
2024-11-02,P0010,S005,175,35,11
2024-11-02,P0010,S007,477,71,11
2024-11-02,P0010,S009,445,75,12
2024-11-02,P0010,S011,110,38,9
2024-11-02,P0010,S013,177,59,6
2024-11-02,P0010,S015,152,90,4
2024-11-02,P0010,S017,157,78,6
2024-11-02,P0013,S001,473,83,12
2024-11-02,P0013,S003,313,69,9
2024-11-02,P0013,S005,467,91,13
2024-11-02,P0013,S007,432,40,13
2024-11-02,P0013,S009,39,41,3
2024-11-02,P0013,S011,76,42,8
2024-11-02,P0013,S013,156,52,4
2024-11-02,P0013,S015,313,25,7
2024-11-02,P0013,S017,287,68,6
2024-11-02,P0016,S001,13,85,12
2024-11-02,P0016,S003,349,30,11
2024-11-02,P0016,S005,390,89,9
2024-11-02,P0016,S007,258,47,14
2024-11-02,P0016,S009,124,73,6
2024-11-02,P0016,S011,480,32,4
2024-11-02,P0016,S013,230,70,10
2024-11-02,P0016,S015,200,80,8
2024-11-02,P0016,S017,65,31,5
2024-11-02,P0019,S001,216,80,6
2024-11-02,P0019,S003,159,54,13
2024-11-02,P0019,S005,100,95,11
2024-11-02,P0019,S007,463,56,11
2024-11-02,P0019,S009,252,90,3
2024-11-02,P0019,S011,377,91,6
2024-11-02,P0019,S013,128,33,4
2024-11-02,P0019,S015,190,70,8
2024-11-02,P0019,S017,322,62,5
2024-11-02,P0022,S001,478,83,6
2024-11-02,P0022,S003,390,48,6
2024-11-02,P0022,S005,351,100,8
2024-11-02,P0022,S007,18,37,9
2024-11-02,P0022,S009,48,93,5
2024-11-02,P0022,S011,37,86,8
2024-11-02,P0022,S013,88,80,14
2024-11-02,P0022,S015,145,46,10
2024-11-02,P0022,S017,169,66,7
2024-11-02,P0025,S001,53,47,5
2024-11-02,P0025,S003,382,90,5
2024-11-02,P0025,S005,425,95,5
2024-11-02,P0025,S007,84,73,10
2024-11-02,P0025,S009,426,81,8
2024-11-02,P0025,S011,458,70,9
2024-11-02,P0025,S013,398,33,13
2024-11-02,P0025,S015,463,92,6
2024-11-02,P0025,S017,71,97,11
2024-11-02,P0028,S001,165,75,10
2024-11-02,P0028,S003,76,36,13
2024-11-02,P0028,S005,217,78,7
2024-11-02,P0028,S007,32,41,7
2024-11-02,P0028,S009,240,78,7
2024-11-02,P0028,S011,68,91,12
2024-11-02,P0028,S013,427,47,5
2024-11-02,P0028,S015,110,48,14
2024-11-02,P0028,S017,446,23,8
2024-11-02,P0031,S001,396,59,5
2024-11-02,P0031,S003,271,58,6
2024-11-02,P0031,S005,264,50,6
2024-11-02,P0031,S007,178,25,3
2024-11-02,P0031,S009,491,87,5
2024-11-02,P0031,S011,310,47,12
2024-11-02,P0031,S013,333,20,3
2024-11-02,P0031,S015,284,69,9
2024-11-02,P0031,S017,97,49,8
2024-11-02,P0034,S001,24,31,6
2024-11-02,P0034,S003,213,70,11
2024-11-02,P0034,S005,209,62,10
2024-11-02,P0034,S007,268,52,11
2024-11-02,P0034,S009,158,60,13
2024-11-02,P0034,S011,224,89,3
2024-11-02,P0034,S013,412,76,11
2024-11-02,P0034,S015,287,63,9
2024-11-02,P0034,S017,306,29,8
2024-11-02,P0037,S001,286,24,5
2024-11-02,P0037,S003,238,37,3
2024-11-02,P0037,S005,265,37,7
2024-11-02,P0037,S007,145,39,8
2024-11-02,P0037,S009,258,41,13
2024-11-02,P0037,S011,104,65,12
2024-11-02,P0037,S013,119,65,12
2024-11-02,P0037,S015,229,37,6
2024-11-02,P0037,S017,346,83,8
2024-11-02,P0040,S001,428,32,11
2024-11-02,P0040,S003,193,27,9
2024-11-02,P0040,S005,31,54,5
2024-11-02,P0040,S007,135,86,9
2024-11-02,P0040,S009,343,64,6
2024-11-02,P0040,S011,396,86,4
2024-11-02,P0040,S013,39,42,7
2024-11-02,P0040,S015,32,51,6
2024-11-02,P0040,S017,79,28,13
2024-11-02,P0043,S001,164,75,12
2024-11-02,P0043,S003,427,29,8
2024-11-02,P0043,S005,353,78,7
2024-11-02,P0043,S007,29,29,14
2024-11-02,P0043,S009,473,48,11
2024-11-02,P0043,S011,133,52,11
2024-11-02,P0043,S013,286,86,9
2024-11-02,P0043,S015,480,37,3
2024-11-02,P0043,S017,101,42,6
2024-11-02,P0046,S001,350,90,10
2024-11-02,P0046,S003,419,74,13
2024-11-02,P0046,S005,497,68,5
2024-11-02,P0046,S007,418,99,14
2024-11-02,P0046,S009,210,51,9
2024-11-02,P0046,S011,361,38,11
2024-11-02,P0046,S013,285,100,4
2024-11-02,P0046,S015,181,85,13
2024-11-02,P0046,S017,137,46,8
2024-11-02,P0049,S001,197,96,3
2024-11-02,P0049,S003,222,78,13
2024-11-02,P0049,S005,108,63,5
2024-11-02,P0049,S007,479,38,10
2024-11-02,P0049,S009,308,63,13
2024-11-02,P0049,S011,286,81,13
2024-11-02,P0049,S013,56,56,9
2024-11-02,P0049,S015,353,96,5
2024-11-02,P0049,S017,465,26,9
